time,tide
2018-06-01 00:00:00+10:00,1.2550000000000001
2018-06-01 01:00:00+10:00,0.9490000000000001
2018-06-01 02:00:00+10:00,0.663
2018-06-01 03:00:00+10:00,0.45600000000000007
2018-06-01 04:00:00+10:00,0.3700000000000001
2018-06-01 05:00:00+10:00,0.41200000000000003
2018-06-01 06:00:00+10:00,0.562
2018-06-01 07:00:00+10:00,0.7750000000000001
2018-06-01 08:00:00+10:00,0.9930000000000001
2018-06-01 09:00:00+10:00,1.1600000000000001
2018-06-01 10:00:00+10:00,1.234
2018-06-01 11:00:00+10:00,1.201
2018-06-01 12:00:00+10:00,1.0750000000000002
2018-06-01 13:00:00+10:00,0.8980000000000001
2018-06-01 14:00:00+10:00,0.7280000000000001
2018-06-01 15:00:00+10:00,0.6190000000000001
2018-06-01 16:00:00+10:00,0.6100000000000001
2018-06-01 17:00:00+10:00,0.7120000000000001
2018-06-01 18:00:00+10:00,0.9080000000000001
2018-06-01 19:00:00+10:00,1.155
2018-06-01 20:00:00+10:00,1.397
2018-06-01 21:00:00+10:00,1.576
2018-06-01 22:00:00+10:00,1.6470000000000002
2018-06-01 23:00:00+10:00,1.5870000000000002
2018-06-02 00:00:00+10:00,1.407
2018-06-02 01:00:00+10:00,1.143
2018-06-02 02:00:00+10:00,0.8540000000000001
2018-06-02 03:00:00+10:00,0.6030000000000001
2018-06-02 04:00:00+10:00,0.44200000000000006
2018-06-02 05:00:00+10:00,0.39800000000000013
2018-06-02 06:00:00+10:00,0.4710000000000001
2018-06-02 07:00:00+10:00,0.6340000000000001
2018-06-02 08:00:00+10:00,0.8380000000000001
2018-06-02 09:00:00+10:00,1.032
2018-06-02 10:00:00+10:00,1.165
2018-06-02 11:00:00+10:00,1.206
2018-06-02 12:00:00+10:00,1.151
2018-06-02 13:00:00+10:00,1.02
2018-06-02 14:00:00+10:00,0.8590000000000001
2018-06-02 15:00:00+10:00,0.7200000000000001
2018-06-02 16:00:00+10:00,0.649
2018-06-02 17:00:00+10:00,0.675
2018-06-02 18:00:00+10:00,0.7990000000000002
2018-06-02 19:00:00+10:00,0.9970000000000001
2018-06-02 20:00:00+10:00,1.226
2018-06-02 21:00:00+10:00,1.4320000000000002
2018-06-02 22:00:00+10:00,1.566
2018-06-02 23:00:00+10:00,1.592
2018-06-03 00:00:00+10:00,1.4980000000000002
2018-06-03 01:00:00+10:00,1.3010000000000002
2018-06-03 02:00:00+10:00,1.0430000000000001
2018-06-03 03:00:00+10:00,0.7810000000000001
2018-06-03 04:00:00+10:00,0.5690000000000001
2018-06-03 05:00:00+10:00,0.45000000000000007
2018-06-03 06:00:00+10:00,0.44100000000000006
2018-06-03 07:00:00+10:00,0.5350000000000001
2018-06-03 08:00:00+10:00,0.6990000000000001
2018-06-03 09:00:00+10:00,0.8900000000000001
2018-06-03 10:00:00+10:00,1.058
2018-06-03 11:00:00+10:00,1.1620000000000001
2018-06-03 12:00:00+10:00,1.179
2018-06-03 13:00:00+10:00,1.112
2018-06-03 14:00:00+10:00,0.9850000000000001
2018-06-03 15:00:00+10:00,0.8430000000000001
2018-06-03 16:00:00+10:00,0.7330000000000001
2018-06-03 17:00:00+10:00,0.6930000000000001
2018-06-03 18:00:00+10:00,0.7410000000000001
2018-06-03 19:00:00+10:00,0.8730000000000001
2018-06-03 20:00:00+10:00,1.0610000000000002
2018-06-03 21:00:00+10:00,1.2650000000000001
2018-06-03 22:00:00+10:00,1.4360000000000002
2018-06-03 23:00:00+10:00,1.5300000000000002
2018-06-04 00:00:00+10:00,1.52
2018-06-04 01:00:00+10:00,1.4040000000000001
2018-06-04 02:00:00+10:00,1.203
2018-06-04 03:00:00+10:00,0.9600000000000001
2018-06-04 04:00:00+10:00,0.7280000000000001
2018-06-04 05:00:00+10:00,0.5530000000000002
2018-06-04 06:00:00+10:00,0.4690000000000001
2018-06-04 07:00:00+10:00,0.4860000000000001
2018-06-04 08:00:00+10:00,0.5920000000000001
2018-06-04 09:00:00+10:00,0.7550000000000001
2018-06-04 10:00:00+10:00,0.933
2018-06-04 11:00:00+10:00,1.0810000000000002
2018-06-04 12:00:00+10:00,1.1640000000000001
2018-06-04 13:00:00+10:00,1.165
2018-06-04 14:00:00+10:00,1.093
2018-06-04 15:00:00+10:00,0.9740000000000001
2018-06-04 16:00:00+10:00,0.8490000000000001
2018-06-04 17:00:00+10:00,0.7600000000000001
2018-06-04 18:00:00+10:00,0.7380000000000001
2018-06-04 19:00:00+10:00,0.7950000000000002
2018-06-04 20:00:00+10:00,0.924
2018-06-04 21:00:00+10:00,1.098
2018-06-04 22:00:00+10:00,1.276
2018-06-04 23:00:00+10:00,1.4160000000000001
2018-06-05 00:00:00+10:00,1.48
2018-06-05 01:00:00+10:00,1.4460000000000002
2018-06-05 02:00:00+10:00,1.318
2018-06-05 03:00:00+10:00,1.12
2018-06-05 04:00:00+10:00,0.8940000000000001
2018-06-05 05:00:00+10:00,0.6880000000000002
2018-06-05 06:00:00+10:00,0.5430000000000001
2018-06-05 07:00:00+10:00,0.4860000000000001
2018-06-05 08:00:00+10:00,0.5230000000000001
2018-06-05 09:00:00+10:00,0.639
2018-06-05 10:00:00+10:00,0.803
2018-06-05 11:00:00+10:00,0.9740000000000001
2018-06-05 12:00:00+10:00,1.1110000000000002
2018-06-05 13:00:00+10:00,1.181
2018-06-05 14:00:00+10:00,1.1740000000000002
2018-06-05 15:00:00+10:00,1.098
2018-06-05 16:00:00+10:00,0.9830000000000001
2018-06-05 17:00:00+10:00,0.8660000000000001
2018-06-05 18:00:00+10:00,0.786
2018-06-05 19:00:00+10:00,0.77
2018-06-05 20:00:00+10:00,0.8260000000000001
2018-06-05 21:00:00+10:00,0.9470000000000001
2018-06-05 22:00:00+10:00,1.106
2018-06-05 23:00:00+10:00,1.266
2018-06-06 00:00:00+10:00,1.385
2018-06-06 01:00:00+10:00,1.429
2018-06-06 02:00:00+10:00,1.381
2018-06-06 03:00:00+10:00,1.247
2018-06-06 04:00:00+10:00,1.0530000000000002
2018-06-06 05:00:00+10:00,0.8400000000000001
2018-06-06 06:00:00+10:00,0.653
2018-06-06 07:00:00+10:00,0.5290000000000001
2018-06-06 08:00:00+10:00,0.4930000000000001
2018-06-06 09:00:00+10:00,0.548
2018-06-06 10:00:00+10:00,0.6780000000000002
2018-06-06 11:00:00+10:00,0.8500000000000001
2018-06-06 12:00:00+10:00,1.024
2018-06-06 13:00:00+10:00,1.1580000000000001
2018-06-06 14:00:00+10:00,1.223
2018-06-06 15:00:00+10:00,1.2080000000000002
2018-06-06 16:00:00+10:00,1.125
2018-06-06 17:00:00+10:00,1.004
2018-06-06 18:00:00+10:00,0.8830000000000001
2018-06-06 19:00:00+10:00,0.798
2018-06-06 20:00:00+10:00,0.7750000000000001
2018-06-06 21:00:00+10:00,0.8260000000000001
2018-06-06 22:00:00+10:00,0.9400000000000001
2018-06-06 23:00:00+10:00,1.092
2018-06-07 00:00:00+10:00,1.243
2018-06-07 01:00:00+10:00,1.3530000000000002
2018-06-07 02:00:00+10:00,1.387
2018-06-07 03:00:00+10:00,1.332
2018-06-07 04:00:00+10:00,1.193
2018-06-07 05:00:00+10:00,0.9990000000000001
2018-06-07 06:00:00+10:00,0.792
2018-06-07 07:00:00+10:00,0.6150000000000001
2018-06-07 08:00:00+10:00,0.5070000000000001
2018-06-07 09:00:00+10:00,0.4890000000000001
2018-06-07 10:00:00+10:00,0.5650000000000001
2018-06-07 11:00:00+10:00,0.7160000000000001
2018-06-07 12:00:00+10:00,0.907
2018-06-07 13:00:00+10:00,1.094
2018-06-07 14:00:00+10:00,1.2320000000000002
2018-06-07 15:00:00+10:00,1.292
2018-06-07 16:00:00+10:00,1.266
2018-06-07 17:00:00+10:00,1.1660000000000001
2018-06-07 18:00:00+10:00,1.0250000000000001
2018-06-07 19:00:00+10:00,0.8840000000000001
2018-06-07 20:00:00+10:00,0.7810000000000001
2018-06-07 21:00:00+10:00,0.7460000000000001
2018-06-07 22:00:00+10:00,0.79
2018-06-07 23:00:00+10:00,0.905
2018-06-08 00:00:00+10:00,1.0610000000000002
2018-06-08 01:00:00+10:00,1.217
2018-06-08 02:00:00+10:00,1.33
2018-06-08 03:00:00+10:00,1.363
2018-06-08 04:00:00+10:00,1.302
2018-06-08 05:00:00+10:00,1.1560000000000001
2018-06-08 06:00:00+10:00,0.9550000000000001
2018-06-08 07:00:00+10:00,0.7440000000000001
2018-06-08 08:00:00+10:00,0.5710000000000001
2018-06-08 09:00:00+10:00,0.4740000000000001
2018-06-08 10:00:00+10:00,0.4770000000000001
2018-06-08 11:00:00+10:00,0.5810000000000001
2018-06-08 12:00:00+10:00,0.7630000000000001
2018-06-08 13:00:00+10:00,0.9830000000000001
2018-06-08 14:00:00+10:00,1.189
2018-06-08 15:00:00+10:00,1.3330000000000002
2018-06-08 16:00:00+10:00,1.385
2018-06-08 17:00:00+10:00,1.3370000000000002
2018-06-08 18:00:00+10:00,1.206
2018-06-08 19:00:00+10:00,1.03
2018-06-08 20:00:00+10:00,0.8560000000000001
2018-06-08 21:00:00+10:00,0.7290000000000001
2018-06-08 22:00:00+10:00,0.6800000000000002
2018-06-08 23:00:00+10:00,0.7240000000000001
2018-06-09 00:00:00+10:00,0.8500000000000001
2018-06-09 01:00:00+10:00,1.0230000000000001
2018-06-09 02:00:00+10:00,1.197
2018-06-09 03:00:00+10:00,1.3210000000000002
2018-06-09 04:00:00+10:00,1.356
2018-06-09 05:00:00+10:00,1.2890000000000001
2018-06-09 06:00:00+10:00,1.131
2018-06-09 07:00:00+10:00,0.916
2018-06-09 08:00:00+10:00,0.6960000000000001
2018-06-09 09:00:00+10:00,0.522
2018-06-09 10:00:00+10:00,0.43800000000000006
2018-06-09 11:00:00+10:00,0.4660000000000001
2018-06-09 12:00:00+10:00,0.6060000000000001
2018-06-09 13:00:00+10:00,0.8280000000000001
2018-06-09 14:00:00+10:00,1.082
2018-06-09 15:00:00+10:00,1.3090000000000002
2018-06-09 16:00:00+10:00,1.457
2018-06-09 17:00:00+10:00,1.491
2018-06-09 18:00:00+10:00,1.4080000000000001
2018-06-09 19:00:00+10:00,1.233
2018-06-09 20:00:00+10:00,1.01
2018-06-09 21:00:00+10:00,0.7950000000000002
2018-06-09 22:00:00+10:00,0.6400000000000001
2018-06-09 23:00:00+10:00,0.5840000000000001
2018-06-10 00:00:00+10:00,0.637
2018-06-10 01:00:00+10:00,0.7850000000000001
2018-06-10 02:00:00+10:00,0.9870000000000001
2018-06-10 03:00:00+10:00,1.187
2018-06-10 04:00:00+10:00,1.327
2018-06-10 05:00:00+10:00,1.3650000000000002
2018-06-10 06:00:00+10:00,1.288
2018-06-10 07:00:00+10:00,1.112
2018-06-10 08:00:00+10:00,0.8780000000000001
2018-06-10 09:00:00+10:00,0.645
2018-06-10 10:00:00+10:00,0.4710000000000001
2018-06-10 11:00:00+10:00,0.40400000000000014
2018-06-10 12:00:00+10:00,0.4660000000000001
2018-06-10 13:00:00+10:00,0.649
2018-06-10 14:00:00+10:00,0.915
2018-06-10 15:00:00+10:00,1.2040000000000002
2018-06-10 16:00:00+10:00,1.448
2018-06-10 17:00:00+10:00,1.59
2018-06-10 18:00:00+10:00,1.596
2018-06-10 19:00:00+10:00,1.467
2018-06-10 20:00:00+10:00,1.237
2018-06-10 21:00:00+10:00,0.9600000000000001
2018-06-10 22:00:00+10:00,0.7030000000000001
2018-06-10 23:00:00+10:00,0.526
2018-06-11 00:00:00+10:00,0.4690000000000001
2018-06-11 01:00:00+10:00,0.542
2018-06-11 02:00:00+10:00,0.7230000000000001
2018-06-11 03:00:00+10:00,0.9600000000000001
2018-06-11 04:00:00+10:00,1.1880000000000002
2018-06-11 05:00:00+10:00,1.344
2018-06-11 06:00:00+10:00,1.3820000000000001
2018-06-11 07:00:00+10:00,1.2910000000000001
2018-06-11 08:00:00+10:00,1.093
2018-06-11 09:00:00+10:00,0.8390000000000001
2018-06-11 10:00:00+10:00,0.5940000000000001
2018-06-11 11:00:00+10:00,0.42600000000000005
2018-06-11 12:00:00+10:00,0.3820000000000001
2018-06-11 13:00:00+10:00,0.4820000000000001
2018-06-11 14:00:00+10:00,0.7120000000000001
2018-06-11 15:00:00+10:00,1.0210000000000001
2018-06-11 16:00:00+10:00,1.34
2018-06-11 17:00:00+10:00,1.593
2018-06-11 18:00:00+10:00,1.718
2018-06-11 19:00:00+10:00,1.686
2018-06-11 20:00:00+10:00,1.5030000000000001
2018-06-11 21:00:00+10:00,1.214
2018-06-11 22:00:00+10:00,0.8840000000000001
2018-06-11 23:00:00+10:00,0.5920000000000001
2018-06-12 00:00:00+10:00,0.40100000000000013
2018-06-12 01:00:00+10:00,0.3540000000000001
2018-06-12 02:00:00+10:00,0.45500000000000007
2018-06-12 03:00:00+10:00,0.6720000000000002
2018-06-12 04:00:00+10:00,0.9450000000000001
2018-06-12 05:00:00+10:00,1.199
2018-06-12 06:00:00+10:00,1.3650000000000002
2018-06-12 07:00:00+10:00,1.3980000000000001
2018-06-12 08:00:00+10:00,1.29
2018-06-12 09:00:00+10:00,1.07
2018-06-12 10:00:00+10:00,0.798
2018-06-12 11:00:00+10:00,0.548
2018-06-12 12:00:00+10:00,0.3920000000000001
2018-06-12 13:00:00+10:00,0.3780000000000001
2018-06-12 14:00:00+10:00,0.5190000000000001
2018-06-12 15:00:00+10:00,0.7930000000000001
2018-06-12 16:00:00+10:00,1.1380000000000001
2018-06-12 17:00:00+10:00,1.477
2018-06-12 18:00:00+10:00,1.726
2018-06-12 19:00:00+10:00,1.826
2018-06-12 20:00:00+10:00,1.749
2018-06-12 21:00:00+10:00,1.5110000000000001
2018-06-12 22:00:00+10:00,1.167
2018-06-12 23:00:00+10:00,0.7950000000000002
2018-06-13 00:00:00+10:00,0.4770000000000001
2018-06-13 01:00:00+10:00,0.28500000000000003
2018-06-13 02:00:00+10:00,0.2560000000000001
2018-06-13 03:00:00+10:00,0.3870000000000001
2018-06-13 04:00:00+10:00,0.639
2018-06-13 05:00:00+10:00,0.9420000000000001
2018-06-13 06:00:00+10:00,1.213
2018-06-13 07:00:00+10:00,1.3820000000000001
2018-06-13 08:00:00+10:00,1.405
2018-06-13 09:00:00+10:00,1.278
2018-06-13 10:00:00+10:00,1.04
2018-06-13 11:00:00+10:00,0.7580000000000001
2018-06-13 12:00:00+10:00,0.512
2018-06-13 13:00:00+10:00,0.3760000000000001
2018-06-13 14:00:00+10:00,0.39400000000000013
2018-06-13 15:00:00+10:00,0.5750000000000001
2018-06-13 16:00:00+10:00,0.8840000000000001
2018-06-13 17:00:00+10:00,1.2530000000000001
2018-06-13 18:00:00+10:00,1.598
2018-06-13 19:00:00+10:00,1.8330000000000002
2018-06-13 20:00:00+10:00,1.9000000000000001
2018-06-13 21:00:00+10:00,1.778
2018-06-13 22:00:00+10:00,1.492
2018-06-13 23:00:00+10:00,1.105
2018-06-14 00:00:00+10:00,0.7040000000000001
2018-06-14 01:00:00+10:00,0.3780000000000001
2018-06-14 02:00:00+10:00,0.19500000000000006
2018-06-14 03:00:00+10:00,0.18800000000000006
2018-06-14 04:00:00+10:00,0.3480000000000001
2018-06-14 05:00:00+10:00,0.6270000000000001
2018-06-14 06:00:00+10:00,0.9470000000000001
2018-06-14 07:00:00+10:00,1.225
2018-06-14 08:00:00+10:00,1.389
2018-06-14 09:00:00+10:00,1.399
2018-06-14 10:00:00+10:00,1.2570000000000001
2018-06-14 11:00:00+10:00,1.0070000000000001
2018-06-14 12:00:00+10:00,0.7250000000000001
2018-06-14 13:00:00+10:00,0.4920000000000001
2018-06-14 14:00:00+10:00,0.3800000000000001
2018-06-14 15:00:00+10:00,0.43000000000000005
2018-06-14 16:00:00+10:00,0.6420000000000001
2018-06-14 17:00:00+10:00,0.9730000000000001
2018-06-14 18:00:00+10:00,1.352
2018-06-14 19:00:00+10:00,1.6880000000000002
2018-06-14 20:00:00+10:00,1.9000000000000001
2018-06-14 21:00:00+10:00,1.932
2018-06-14 22:00:00+10:00,1.7710000000000001
2018-06-14 23:00:00+10:00,1.4500000000000002
2018-06-15 00:00:00+10:00,1.038
2018-06-15 01:00:00+10:00,0.6280000000000001
2018-06-15 02:00:00+10:00,0.30700000000000005
2018-06-15 03:00:00+10:00,0.14100000000000013
2018-06-15 04:00:00+10:00,0.15700000000000014
2018-06-15 05:00:00+10:00,0.3390000000000001
2018-06-15 06:00:00+10:00,0.6320000000000001
2018-06-15 07:00:00+10:00,0.9580000000000001
2018-06-15 08:00:00+10:00,1.2320000000000002
2018-06-15 09:00:00+10:00,1.3840000000000001
2018-06-15 10:00:00+10:00,1.3800000000000001
2018-06-15 11:00:00+10:00,1.2280000000000002
2018-06-15 12:00:00+10:00,0.9780000000000001
2018-06-15 13:00:00+10:00,0.7050000000000001
2018-06-15 14:00:00+10:00,0.4920000000000001
2018-06-15 15:00:00+10:00,0.40700000000000014
2018-06-15 16:00:00+10:00,0.4820000000000001
2018-06-15 17:00:00+10:00,0.7110000000000001
2018-06-15 18:00:00+10:00,1.0490000000000002
2018-06-15 19:00:00+10:00,1.4200000000000002
2018-06-15 20:00:00+10:00,1.7360000000000002
2018-06-15 21:00:00+10:00,1.919
2018-06-15 22:00:00+10:00,1.92
2018-06-15 23:00:00+10:00,1.7320000000000002
2018-06-16 00:00:00+10:00,1.3920000000000001
2018-06-16 01:00:00+10:00,0.9760000000000001
2018-06-16 02:00:00+10:00,0.5740000000000001
2018-06-16 03:00:00+10:00,0.27200000000000013
2018-06-16 04:00:00+10:00,0.1280000000000001
2018-06-16 05:00:00+10:00,0.16300000000000003
2018-06-16 06:00:00+10:00,0.3570000000000001
2018-06-16 07:00:00+10:00,0.6520000000000001
2018-06-16 08:00:00+10:00,0.9710000000000001
2018-06-16 09:00:00+10:00,1.231
2018-06-16 10:00:00+10:00,1.37
2018-06-16 11:00:00+10:00,1.356
2018-06-16 12:00:00+10:00,1.2020000000000002
2018-06-16 13:00:00+10:00,0.9600000000000001
2018-06-16 14:00:00+10:00,0.7050000000000001
2018-06-16 15:00:00+10:00,0.5150000000000001
2018-06-16 16:00:00+10:00,0.45100000000000007
2018-06-16 17:00:00+10:00,0.5410000000000001
2018-06-16 18:00:00+10:00,0.7730000000000001
2018-06-16 19:00:00+10:00,1.0990000000000002
2018-06-16 20:00:00+10:00,1.448
2018-06-16 21:00:00+10:00,1.7360000000000002
2018-06-16 22:00:00+10:00,1.8900000000000001
2018-06-16 23:00:00+10:00,1.867
2018-06-17 00:00:00+10:00,1.665
2018-06-17 01:00:00+10:00,1.326
2018-06-17 02:00:00+10:00,0.925
2018-06-17 03:00:00+10:00,0.5470000000000002
2018-06-17 04:00:00+10:00,0.27200000000000013
2018-06-17 05:00:00+10:00,0.15100000000000013
2018-06-17 06:00:00+10:00,0.19900000000000007
2018-06-17 07:00:00+10:00,0.39400000000000013
2018-06-17 08:00:00+10:00,0.681
2018-06-17 09:00:00+10:00,0.9840000000000001
2018-06-17 10:00:00+10:00,1.2280000000000002
2018-06-17 11:00:00+10:00,1.3530000000000002
2018-06-17 12:00:00+10:00,1.334
2018-06-17 13:00:00+10:00,1.1860000000000002
2018-06-17 14:00:00+10:00,0.9600000000000001
2018-06-17 15:00:00+10:00,0.7270000000000001
2018-06-17 16:00:00+10:00,0.5590000000000002
2018-06-17 17:00:00+10:00,0.508
2018-06-17 18:00:00+10:00,0.5980000000000001
2018-06-17 19:00:00+10:00,0.8160000000000001
2018-06-17 20:00:00+10:00,1.118
2018-06-17 21:00:00+10:00,1.4340000000000002
2018-06-17 22:00:00+10:00,1.689
2018-06-17 23:00:00+10:00,1.8170000000000002
2018-06-18 00:00:00+10:00,1.7800000000000002
2018-06-18 01:00:00+10:00,1.58
2018-06-18 02:00:00+10:00,1.2590000000000001
2018-06-18 03:00:00+10:00,0.8870000000000001
2018-06-18 04:00:00+10:00,0.544
2018-06-18 05:00:00+10:00,0.29900000000000004
2018-06-18 06:00:00+10:00,0.19900000000000007
2018-06-18 07:00:00+10:00,0.2550000000000001
2018-06-18 08:00:00+10:00,0.44400000000000006
2018-06-18 09:00:00+10:00,0.7170000000000001
2018-06-18 10:00:00+10:00,1.002
2018-06-18 11:00:00+10:00,1.229
2018-06-18 12:00:00+10:00,1.3450000000000002
2018-06-18 13:00:00+10:00,1.327
2018-06-18 14:00:00+10:00,1.1900000000000002
2018-06-18 15:00:00+10:00,0.9830000000000001
2018-06-18 16:00:00+10:00,0.77
2018-06-18 17:00:00+10:00,0.6150000000000001
2018-06-18 18:00:00+10:00,0.5660000000000001
2018-06-18 19:00:00+10:00,0.6440000000000001
2018-06-18 20:00:00+10:00,0.8360000000000001
2018-06-18 21:00:00+10:00,1.102
2018-06-18 22:00:00+10:00,1.381
2018-06-18 23:00:00+10:00,1.605
2018-06-19 00:00:00+10:00,1.713
2018-06-19 01:00:00+10:00,1.673
2018-06-19 02:00:00+10:00,1.488
2018-06-19 03:00:00+10:00,1.1960000000000002
2018-06-19 04:00:00+10:00,0.8610000000000001
2018-06-19 05:00:00+10:00,0.556
2018-06-19 06:00:00+10:00,0.3420000000000001
2018-06-19 07:00:00+10:00,0.2600000000000001
2018-06-19 08:00:00+10:00,0.32000000000000006
2018-06-19 09:00:00+10:00,0.5020000000000001
2018-06-19 10:00:00+10:00,0.7590000000000001
2018-06-19 11:00:00+10:00,1.0270000000000001
2018-06-19 12:00:00+10:00,1.242
2018-06-19 13:00:00+10:00,1.352
2018-06-19 14:00:00+10:00,1.339
2018-06-19 15:00:00+10:00,1.215
2018-06-19 16:00:00+10:00,1.0230000000000001
2018-06-19 17:00:00+10:00,0.8240000000000001
2018-06-19 18:00:00+10:00,0.673
2018-06-19 19:00:00+10:00,0.6150000000000001
2018-06-19 20:00:00+10:00,0.669
2018-06-19 21:00:00+10:00,0.8280000000000001
2018-06-19 22:00:00+10:00,1.056
2018-06-19 23:00:00+10:00,1.3010000000000002
2018-06-20 00:00:00+10:00,1.4980000000000002
2018-06-20 01:00:00+10:00,1.594
2018-06-20 02:00:00+10:00,1.56
2018-06-20 03:00:00+10:00,1.3960000000000001
2018-06-20 04:00:00+10:00,1.1380000000000001
2018-06-20 05:00:00+10:00,0.8430000000000001
2018-06-20 06:00:00+10:00,0.5750000000000001
2018-06-20 07:00:00+10:00,0.3900000000000001
2018-06-20 08:00:00+10:00,0.32400000000000007
2018-06-20 09:00:00+10:00,0.3880000000000001
2018-06-20 10:00:00+10:00,0.5640000000000001
2018-06-20 11:00:00+10:00,0.81
2018-06-20 12:00:00+10:00,1.0670000000000002
2018-06-20 13:00:00+10:00,1.272
2018-06-20 14:00:00+10:00,1.3800000000000001
2018-06-20 15:00:00+10:00,1.371
2018-06-20 16:00:00+10:00,1.2550000000000001
2018-06-20 17:00:00+10:00,1.072
2018-06-20 18:00:00+10:00,0.8760000000000001
2018-06-20 19:00:00+10:00,0.7190000000000001
2018-06-20 20:00:00+10:00,0.643
2018-06-20 21:00:00+10:00,0.6700000000000002
2018-06-20 22:00:00+10:00,0.796
2018-06-20 23:00:00+10:00,0.9910000000000001
2018-06-21 00:00:00+10:00,1.207
2018-06-21 01:00:00+10:00,1.3860000000000001
2018-06-21 02:00:00+10:00,1.4780000000000002
2018-06-21 03:00:00+10:00,1.453
2018-06-21 04:00:00+10:00,1.3130000000000002
2018-06-21 05:00:00+10:00,1.088
2018-06-21 06:00:00+10:00,0.8290000000000001
2018-06-21 07:00:00+10:00,0.5930000000000001
2018-06-21 08:00:00+10:00,0.43300000000000005
2018-06-21 09:00:00+10:00,0.3830000000000001
2018-06-21 10:00:00+10:00,0.45400000000000007
2018-06-21 11:00:00+10:00,0.631
2018-06-21 12:00:00+10:00,0.8730000000000001
2018-06-21 13:00:00+10:00,1.124
2018-06-21 14:00:00+10:00,1.324
2018-06-21 15:00:00+10:00,1.4280000000000002
2018-06-21 16:00:00+10:00,1.417
2018-06-21 17:00:00+10:00,1.3010000000000002
2018-06-21 18:00:00+10:00,1.115
2018-06-21 19:00:00+10:00,0.911
2018-06-21 20:00:00+10:00,0.7400000000000001
2018-06-21 21:00:00+10:00,0.6440000000000001
2018-06-21 22:00:00+10:00,0.647
2018-06-21 23:00:00+10:00,0.7470000000000001
2018-06-22 00:00:00+10:00,0.92
2018-06-22 01:00:00+10:00,1.118
2018-06-22 02:00:00+10:00,1.2870000000000001
2018-06-22 03:00:00+10:00,1.379
2018-06-22 04:00:00+10:00,1.364
2018-06-22 05:00:00+10:00,1.243
2018-06-22 06:00:00+10:00,1.0430000000000001
2018-06-22 07:00:00+10:00,0.812
2018-06-22 08:00:00+10:00,0.6030000000000001
2018-06-22 09:00:00+10:00,0.4660000000000001
2018-06-22 10:00:00+10:00,0.43500000000000005
2018-06-22 11:00:00+10:00,0.5210000000000001
2018-06-22 12:00:00+10:00,0.7060000000000001
2018-06-22 13:00:00+10:00,0.9510000000000001
2018-06-22 14:00:00+10:00,1.199
2018-06-22 15:00:00+10:00,1.393
2018-06-22 16:00:00+10:00,1.488
2018-06-22 17:00:00+10:00,1.4660000000000002
2018-06-22 18:00:00+10:00,1.3370000000000002
2018-06-22 19:00:00+10:00,1.137
2018-06-22 20:00:00+10:00,0.916
2018-06-22 21:00:00+10:00,0.7280000000000001
2018-06-22 22:00:00+10:00,0.6160000000000001
2018-06-22 23:00:00+10:00,0.6050000000000001
2018-06-23 00:00:00+10:00,0.6940000000000001
2018-06-23 01:00:00+10:00,0.8570000000000001
2018-06-23 02:00:00+10:00,1.0490000000000002
2018-06-23 03:00:00+10:00,1.214
2018-06-23 04:00:00+10:00,1.306
2018-06-23 05:00:00+10:00,1.2970000000000002
2018-06-23 06:00:00+10:00,1.1860000000000002
2018-06-23 07:00:00+10:00,1.0010000000000001
2018-06-23 08:00:00+10:00,0.7890000000000001
2018-06-23 09:00:00+10:00,0.6020000000000001
2018-06-23 10:00:00+10:00,0.4890000000000001
2018-06-23 11:00:00+10:00,0.4820000000000001
2018-06-23 12:00:00+10:00,0.5900000000000001
2018-06-23 13:00:00+10:00,0.792
2018-06-23 14:00:00+10:00,1.0450000000000002
2018-06-23 15:00:00+10:00,1.2910000000000001
2018-06-23 16:00:00+10:00,1.473
2018-06-23 17:00:00+10:00,1.549
2018-06-23 18:00:00+10:00,1.504
2018-06-23 19:00:00+10:00,1.3490000000000002
2018-06-23 20:00:00+10:00,1.1260000000000001
2018-06-23 21:00:00+10:00,0.8850000000000001
2018-06-23 22:00:00+10:00,0.6840000000000002
2018-06-23 23:00:00+10:00,0.5660000000000001
2018-06-24 00:00:00+10:00,0.5550000000000002
2018-06-24 01:00:00+10:00,0.6480000000000001
2018-06-24 02:00:00+10:00,0.8160000000000001
2018-06-24 03:00:00+10:00,1.01
2018-06-24 04:00:00+10:00,1.1740000000000002
2018-06-24 05:00:00+10:00,1.2630000000000001
2018-06-24 06:00:00+10:00,1.25
2018-06-24 07:00:00+10:00,1.139
2018-06-24 08:00:00+10:00,0.9590000000000001
2018-06-24 09:00:00+10:00,0.7580000000000001
2018-06-24 10:00:00+10:00,0.5910000000000001
2018-06-24 11:00:00+10:00,0.5050000000000001
2018-06-24 12:00:00+10:00,0.5290000000000001
2018-06-24 13:00:00+10:00,0.665
2018-06-24 14:00:00+10:00,0.8890000000000001
2018-06-24 15:00:00+10:00,1.151
2018-06-24 16:00:00+10:00,1.3920000000000001
2018-06-24 17:00:00+10:00,1.554
2018-06-24 18:00:00+10:00,1.6
2018-06-24 19:00:00+10:00,1.5180000000000002
2018-06-24 20:00:00+10:00,1.3290000000000002
2018-06-24 21:00:00+10:00,1.0770000000000002
2018-06-24 22:00:00+10:00,0.8190000000000001
2018-06-24 23:00:00+10:00,0.6140000000000001
2018-06-25 00:00:00+10:00,0.5050000000000001
2018-06-25 01:00:00+10:00,0.5110000000000001
2018-06-25 02:00:00+10:00,0.6220000000000001
2018-06-25 03:00:00+10:00,0.805
2018-06-25 04:00:00+10:00,1.0050000000000001
2018-06-25 05:00:00+10:00,1.1660000000000001
2018-06-25 06:00:00+10:00,1.2440000000000002
2018-06-25 07:00:00+10:00,1.218
2018-06-25 08:00:00+10:00,1.096
2018-06-25 09:00:00+10:00,0.913
2018-06-25 10:00:00+10:00,0.7200000000000001
2018-06-25 11:00:00+10:00,0.5740000000000001
2018-06-25 12:00:00+10:00,0.5190000000000001
2018-06-25 13:00:00+10:00,0.5800000000000001
2018-06-25 14:00:00+10:00,0.7510000000000001
2018-06-25 15:00:00+10:00,0.9970000000000001
2018-06-25 16:00:00+10:00,1.2650000000000001
2018-06-25 17:00:00+10:00,1.492
2018-06-25 18:00:00+10:00,1.624
2018-06-25 19:00:00+10:00,1.6280000000000001
2018-06-25 20:00:00+10:00,1.5020000000000002
2018-06-25 21:00:00+10:00,1.2730000000000001
2018-06-25 22:00:00+10:00,0.9940000000000001
2018-06-25 23:00:00+10:00,0.7280000000000001
2018-06-26 00:00:00+10:00,0.532
2018-06-26 01:00:00+10:00,0.44700000000000006
2018-06-26 02:00:00+10:00,0.4830000000000001
2018-06-26 03:00:00+10:00,0.6230000000000001
2018-06-26 04:00:00+10:00,0.8240000000000001
2018-06-26 05:00:00+10:00,1.0290000000000001
2018-06-26 06:00:00+10:00,1.181
2018-06-26 07:00:00+10:00,1.2400000000000002
2018-06-26 08:00:00+10:00,1.191
2018-06-26 09:00:00+10:00,1.05
2018-06-26 10:00:00+10:00,0.8600000000000001
2018-06-26 11:00:00+10:00,0.6760000000000002
2018-06-26 12:00:00+10:00,0.556
2018-06-26 13:00:00+10:00,0.54
2018-06-26 14:00:00+10:00,0.6420000000000001
2018-06-26 15:00:00+10:00,0.8470000000000001
2018-06-26 16:00:00+10:00,1.113
2018-06-26 17:00:00+10:00,1.3780000000000001
2018-06-26 18:00:00+10:00,1.582
2018-06-26 19:00:00+10:00,1.673
2018-06-26 20:00:00+10:00,1.6270000000000002
2018-06-26 21:00:00+10:00,1.452
2018-06-26 22:00:00+10:00,1.1860000000000002
2018-06-26 23:00:00+10:00,0.8890000000000001
2018-06-27 00:00:00+10:00,0.6260000000000001
2018-06-27 01:00:00+10:00,0.45400000000000007
2018-06-27 02:00:00+10:00,0.40600000000000014
2018-06-27 03:00:00+10:00,0.4810000000000001
2018-06-27 04:00:00+10:00,0.653
2018-06-27 05:00:00+10:00,0.8700000000000001
2018-06-27 06:00:00+10:00,1.0730000000000002
2018-06-27 07:00:00+10:00,1.207
2018-06-27 08:00:00+10:00,1.237
2018-06-27 09:00:00+10:00,1.159
2018-06-27 10:00:00+10:00,0.9970000000000001
2018-06-27 11:00:00+10:00,0.802
2018-06-27 12:00:00+10:00,0.6340000000000001
2018-06-27 13:00:00+10:00,0.546
2018-06-27 14:00:00+10:00,0.5720000000000001
2018-06-27 15:00:00+10:00,0.7160000000000001
2018-06-27 16:00:00+10:00,0.9520000000000001
2018-06-27 17:00:00+10:00,1.229
2018-06-27 18:00:00+10:00,1.4820000000000002
2018-06-27 19:00:00+10:00,1.6510000000000002
2018-06-27 20:00:00+10:00,1.693
2018-06-27 21:00:00+10:00,1.593
2018-06-27 22:00:00+10:00,1.372
2018-06-27 23:00:00+10:00,1.0770000000000002
2018-06-28 00:00:00+10:00,0.774
2018-06-28 01:00:00+10:00,0.53
2018-06-28 02:00:00+10:00,0.39500000000000013
2018-06-28 03:00:00+10:00,0.3910000000000001
2018-06-28 04:00:00+10:00,0.508
2018-06-28 05:00:00+10:00,0.7080000000000001
2018-06-28 06:00:00+10:00,0.933
2018-06-28 07:00:00+10:00,1.124
2018-06-28 08:00:00+10:00,1.23
2018-06-28 09:00:00+10:00,1.225
2018-06-28 10:00:00+10:00,1.116
2018-06-28 11:00:00+10:00,0.937
2018-06-28 12:00:00+10:00,0.7450000000000001
2018-06-28 13:00:00+10:00,0.5990000000000001
2018-06-28 14:00:00+10:00,0.55
2018-06-28 15:00:00+10:00,0.6200000000000001
2018-06-28 16:00:00+10:00,0.803
2018-06-28 17:00:00+10:00,1.0610000000000002
2018-06-28 18:00:00+10:00,1.3370000000000002
2018-06-28 19:00:00+10:00,1.565
2018-06-28 20:00:00+10:00,1.691
2018-06-28 21:00:00+10:00,1.679
2018-06-28 22:00:00+10:00,1.528
2018-06-28 23:00:00+10:00,1.268
2018-06-29 00:00:00+10:00,0.9580000000000001
2018-06-29 01:00:00+10:00,0.6660000000000001
2018-06-29 02:00:00+10:00,0.45500000000000007
2018-06-29 03:00:00+10:00,0.3650000000000001
2018-06-29 04:00:00+10:00,0.40800000000000014
2018-06-29 05:00:00+10:00,0.5610000000000002
2018-06-29 06:00:00+10:00,0.7790000000000001
2018-06-29 07:00:00+10:00,1.0010000000000001
2018-06-29 08:00:00+10:00,1.169
2018-06-29 09:00:00+10:00,1.2400000000000002
2018-06-29 10:00:00+10:00,1.199
2018-06-29 11:00:00+10:00,1.0630000000000002
2018-06-29 12:00:00+10:00,0.8750000000000001
2018-06-29 13:00:00+10:00,0.6950000000000001
2018-06-29 14:00:00+10:00,0.5810000000000001
2018-06-29 15:00:00+10:00,0.5740000000000001
2018-06-29 16:00:00+10:00,0.6860000000000002
2018-06-29 17:00:00+10:00,0.8990000000000001
2018-06-29 18:00:00+10:00,1.167
2018-06-29 19:00:00+10:00,1.4280000000000002
2018-06-29 20:00:00+10:00,1.62
2018-06-29 21:00:00+10:00,1.695
2018-06-29 22:00:00+10:00,1.6300000000000001
2018-06-29 23:00:00+10:00,1.435
2018-06-30 00:00:00+10:00,1.1520000000000001
