,Run,Qb,Hs,Tp,Eig,Esw,Hbar
0,20180614-1830,0.0,0.5425003078124999,12.035015625000003,0.016924385530853254,0.001937419514231339,1.77371517546875
1,20180614-1830,0.11940298507462686,0.5588580313432837,11.85720895522388,0.016942563953083994,0.0018005853741070127,1.5647727579270834
2,20180614-1830,0.34375,0.5855832890624999,12.002999999999998,0.016392452133062965,0.0015371771626744041,1.4171752994791667
3,20180614-1830,0.5151515151515151,0.5576208681818181,11.659136363636362,0.014458802243600407,0.0014693742962988501,1.3509574641979167
4,20180614-1830,0.8666666666666667,0.44641014800000006,11.242639999999996,0.00880059848371307,0.0023876167635053804,0.7832792828124999
5,20180614-1830,0.9041095890410958,0.31992853150684936,11.861383561643835,0.005730813152675835,0.001688703043972828,0.5327805411875001
6,20180614-1830,0.8666666666666667,0.15029078499999998,13.821850000000001,0.0010777080816765706,0.0020077137695442273,0.32424996856250005
7,20180614-1830,0.0,0.5214827123076923,11.405769230769229,0.016804993897245792,0.0019251201500964734,1.886895235
8,20180614-1830,0.0,0.5013030904761903,11.94047619047619,0.014719773248930978,0.0017764799435726025,2.1398744002291665
9,20180614-1830,0.0,0.4820025890625001,11.783203125,0.0139642003561398,0.001687924410871281,2.2626660734583335
10,20180614-1830,0.0,0.50324562,12.09375,0.013197488128043201,0.0016404484731883356,2.426836141166667
11,20180614-1830,0.0,0.5201984421052633,12.131578947368421,0.014004794804134312,0.0014831255412482858,2.2899185997083333
12,20180614-1830,0.0,0.5267544053571429,11.678571428571427,0.015249772334957569,0.0012638967705061513,2.1694858950833336
13,20180614-1830,0.0,0.535263894736842,12.217105263157894,0.014746180156400134,0.0011378077682035017,2.236791296083333
14,20180614-1900,0.0,0.536129124590164,12.30737704918033,0.017338189017564516,0.0008141105834681227,1.8911643288229167
15,20180614-1900,0.0,0.5417031476190477,12.261809523809523,0.016924556680423947,0.0010719549003039648,1.6811224377708334
16,20180614-1900,0.14516129032258066,0.5599121322580645,11.79140322580645,0.017006078860949268,0.0013577700765496456,1.5333106240625
17,20180614-1900,0.14516129032258066,0.5547273677419355,12.124016129032258,0.015645087882329024,0.0016751207290745833,1.4687837579687497
18,20180614-1900,0.8648648648648649,0.47550037297297293,10.981337837837838,0.010169760144934144,0.001111913772630427,0.8961431549479167
19,20180614-1900,0.9333333333333333,0.38848166399999995,11.025040000000002,0.008078901623052406,0.0011416412868669615,0.6423822084479167
20,20180614-1900,0.85,0.201508065,13.162499999999998,0.0020731500280652005,0.001695758716054865,0.42883646796875
21,20180614-1900,0.0,0.5111448711864407,11.961864406779661,0.017024901006938098,0.0007361605460571062,2.00328658075
22,20180614-1900,0.0,0.4771544741379311,12.562500000000002,0.014317173882746068,0.0006088944116001657,2.2598855176666666
23,20180614-1900,0.0,0.4734452250000001,12.25,0.01364005542154232,0.000596314924795974,2.3856813739791662
24,20180614-1900,0.0,0.4551877965517242,12.504310344827587,0.013133769506181423,0.0006283672560645947,2.547529772479167
25,20180614-1900,0.0,0.47829438947368424,12.69078947368421,0.01417404638231825,0.0006544929292402707,2.407213521270833
26,20180614-1900,0.0,0.4737306421052631,12.651315789473683,0.014523835456174887,0.0006711953057265557,2.2870978508541664
27,20180614-1900,0.0,0.4471900293103449,12.38146551724138,0.013790012748873011,0.0007142092225755374,2.3628112188958337
28,20180614-1930,0.0,0.5286897155172414,12.682034482758624,0.015296344941037529,0.0012150543313504403,2.0324942411666664
29,20180614-1930,0.0,0.5344635915254237,12.43230508474576,0.014789642544214058,0.0012058385865614126,1.8232593786041669
30,20180614-1930,0.0,0.5438211711864407,12.41933898305085,0.014876578169964636,0.001171523106369067,1.6748272381874998
31,20180614-1930,0.03333333333333333,0.5633507950000002,12.1375,0.014419092949700249,0.0010948816110976033,1.6088304874374997
32,20180614-1930,0.8615384615384616,0.5396879169230769,11.97683076923077,0.012376948775560344,0.0013690678274032165,1.0356343005833333
33,20180614-1930,0.9104477611940298,0.4622730850746269,11.781761194029851,0.010023931555709228,0.0017438591741223445,0.780004686125
34,20180614-1930,0.9180327868852459,0.22581752950819678,12.86975409836066,0.0020150323414167164,0.0016525479766563334,0.5868091660729167
35,20180614-1930,0.0,0.5031293593220338,12.425847457627118,0.014307576993786998,0.0012199221120043013,2.145301301104167
36,20180614-1930,0.0,0.47647188500000015,11.887500000000001,0.012004929452561935,0.0010834501270047545,2.4031014432708333
37,20180614-1930,0.0,0.4706158603448277,12.355603448275863,0.011799046057257663,0.0011168400214155748,2.536913202166667
38,20180614-1930,0.0,0.46703568947368435,12.907894736842104,0.011611973233520182,0.0011474603603554602,2.6894836054374998
39,20180614-1930,0.0,0.4719409157894737,12.32236842105263,0.011743676542390195,0.0010704410668491164,2.5485933717708336
40,20180614-1930,0.0,0.48022217368421044,12.493421052631579,0.012221126364896744,0.0009425712955586111,2.4298120677708335
41,20180614-1930,0.0,0.457016555357143,12.488839285714285,0.012179483299759564,0.0008785177757582544,2.505597768729167
42,20180614-2000,0.0,0.5402976103448277,12.426672413793105,0.015995192280948693,0.0009565314451200032,2.0977531409166668
43,20180614-2000,0.0,0.5759510999999999,12.957157894736843,0.016509410608448783,0.0011582318604431215,1.8886978349374999
44,20180614-2000,0.0,0.5858633892857144,12.897321428571427,0.016463080796171637,0.0013027866612095706,1.7407423184479163
45,20180614-2000,0.0,0.5760761517857143,13.044803571428567,0.01575987020093048,0.0014590657199032469,1.67454060928125
46,20180614-2000,0.7571428571428571,0.57515778,11.233971428571428,0.012738159545465508,0.001659749904532609,1.10029021071875
47,20180614-2000,0.9230769230769231,0.48441146307692295,12.354692307692309,0.010574765572101968,0.0014725992687857725,0.8438657968229166
48,20180614-2000,0.859375,0.23016008906249996,12.413156249999998,0.0023826268508020648,0.0009717434856655052,0.6550913219270833
49,20180614-2000,0.0,0.5378624000000001,13.05921052631579,0.01579944372998978,0.0008560417012152469,2.2090797272083336
50,20180614-2000,0.0,0.48121732500000003,12.964285714285714,0.013505041739133904,0.0006727468515135365,2.4702411930208332
51,20180614-2000,0.0,0.49444746964285713,12.857142857142856,0.014360607888802952,0.0007372465028393375,2.6045471748958335
52,20180614-2000,0.0,0.4704308142857144,12.964285714285714,0.012855070241600557,0.0006834656837952141,2.7540276144375
53,20180614-2000,0.0,0.4899092157894736,12.94736842105263,0.012947885557419605,0.000708414159868139,2.6126402604999996
54,20180614-2000,0.0,0.5044686263157896,12.625,0.014455518889092488,0.0007875856943960948,2.493747958875
55,20180614-2000,0.0,0.4896063052631579,12.486842105263158,0.013353768555034983,0.0009531301591102677,2.5688876962291665
56,20180614-2030,0.0,0.5776323152542373,12.73728813559322,0.01999289918129172,0.0015828272418405534,2.1311680100729165
57,20180614-2030,0.0,0.5855353064516129,12.284225806451614,0.021077548858103354,0.0017011786146066798,1.9211554491145835
58,20180614-2030,0.0,0.6337079210526316,14.256421052631582,0.019446902393520604,0.0016361200888748613,1.7729671318020834
59,20180614-2030,0.01694915254237288,0.5700794135593221,12.765966101694913,0.01727661742575274,0.0013891714708648226,1.7097299553125
60,20180614-2030,0.7936507936507936,0.5712314047619047,12.505904761904763,0.01486247472451395,0.0015524591733404546,1.1373871615937499
61,20180614-2030,0.8805970149253731,0.47183519552238806,12.21268656716418,0.01096151550345702,0.002198469525012321,0.8786491844062501
62,20180614-2030,0.8688524590163934,0.25037165901639347,13.988655737704919,0.0032879266490242385,0.0023003633583727773,0.6894874808333333
63,20180614-2030,0.0,0.5857703157894737,13.539473684210526,0.01907088687340925,0.0014662791546841117,2.2425813724375
64,20180614-2030,0.0,0.5065087677966102,12.813559322033898,0.015349280064367967,0.0010740180248506883,2.5033245870000003
65,20180614-2030,0.0,0.5208001396551725,12.892241379310347,0.017229386253518386,0.001319052380155453,2.6406708078541667
66,20180614-2030,0.0,0.5332374857142858,13.165178571428571,0.01735690688014517,0.0012497680309171576,2.7889514225208334
67,20180614-2030,0.0,0.5499761181818182,13.295454545454547,0.017848776357859412,0.0012465826760972459,2.6480975107291664
68,20180614-2030,0.0,0.5545932482142857,13.325892857142856,0.019545032977715465,0.0011517828193654774,2.5282797309791665
69,20180614-2030,0.0,0.5617397072727274,13.738636363636365,0.02076401786786055,0.001114915933707943,2.606117173333333
70,20180614-2100,0.0,0.4456103360655739,11.92303278688525,0.011383572641676595,0.0009630667955683256,2.1152679201770836
71,20180614-2100,0.0,0.466702059375,11.484375,0.012106485654691117,0.0009701894768273915,1.9050220894375003
72,20180614-2100,0.0,0.4703039390624999,11.513765624999998,0.011850997010866268,0.0009955433971973848,1.7566553079374998
73,20180614-2100,0.0,0.4832545887096774,12.012096774193548,0.01252611764148714,0.0011348068830773813,1.6921173032395835
74,20180614-2100,0.782608695652174,0.5354741565217391,11.730956521739131,0.011530238286173378,0.0015914362238361635,1.11792550690625
75,20180614-2100,0.9130434782608695,0.4804697608695651,11.546043478260874,0.009304138962028252,0.0010796025446776158,0.8590250359791666
76,20180614-2100,0.8088235294117647,0.189244575,11.969514705882354,0.0013340228499248293,0.0005239689209863921,0.6736926400625
77,20180614-2100,0.0,0.43308509999999995,11.44921875,0.01116334027247874,0.0009617229348604967,2.226084974145833
78,20180614-2100,0.0,0.3824838532258063,11.65524193548387,0.009185077040721254,0.0007358467017707397,2.4864956387708332
79,20180614-2100,0.0,0.40739624516129014,11.36491935483871,0.010359013255303516,0.0009331056403800211,2.6271884483125003
80,20180614-2100,0.0,0.3874781709677418,11.522177419354838,0.009169749290568128,0.0008961639858293232,2.7722434300625
81,20180614-2100,0.0,0.4005263714285713,11.589285714285714,0.009630313132160956,0.0008607155676886186,2.6312466465
82,20180614-2100,0.0,0.3879976693548387,11.46774193548387,0.009407444617092215,0.0007492128873948664,2.511417264520833
83,20180614-2100,0.0,0.390165361904762,11.547619047619047,0.009596361581742477,0.0007654427094054741,2.590145667083333
84,20180615-1930,0.0,0.25003600476190474,14.023761904761905,0.0032188435733754963,0.000204253240208663,1.8176778758854168
85,20180615-1930,0.0,0.2755824187499999,13.631765625000002,0.0036258713702313214,0.00023127749012660098,1.597124757677083
86,20180615-1930,0.05263157894736842,0.3173192947368421,15.315631578947372,0.004694666196570425,0.00021690916499079508,1.4465218559583333
87,20180615-1930,0.15384615384615385,0.29954413846153843,13.523030769230768,0.004564992522081126,0.00016605933539092917,1.32681961159375
88,20180615-1930,0.654320987654321,0.2655491851851851,11.016222222222222,0.0031411671662051575,0.00024356066133463889,0.8571430153229166
89,20180615-1930,0.8133333333333334,0.217603716,12.010079999999999,0.0024482871708961197,0.00019787192814827893,0.6216586423229167
90,20180615-1930,0.6823529411764706,0.18299584941176472,10.274964705882354,0.002007390501713523,0.0004088244086523531,0.31503636847916666
91,20180615-1930,0.0,0.258162925,14.543750000000001,0.0035864779989612803,0.00019146810026131607,1.9468841257083334
92,20180615-1930,0.0,0.26149248305084755,14.58686440677966,0.0037090661758158684,0.0001646174452306555,2.1474602731875
93,20180615-1930,0.0,0.280015011111111,15.194444444444443,0.003838112326200153,0.00015365848375270308,2.238141345875
94,20180615-1930,0.0,0.2588913666666666,16.0,0.0032966238874819393,0.00012756595531427102,2.4319964569583337
95,20180615-1930,0.0,0.21794993571428573,12.053571428571429,0.0026728686754275617,0.00012007076332488142,2.268772431875
96,20180615-1930,0.0,0.23766215084745757,13.84957627118644,0.0030013503030735995,0.0001260965104371571,2.1311259349791665
97,20180615-1930,0.0,0.26317557857142854,14.645089285714285,0.003602272498608704,0.00014187377031800317,2.2794996001041667
98,20180615-2000,0.0,0.23352961621621618,11.46535135135135,0.0035635514541875915,0.00018401849868343657,1.9242373475833334
99,20180615-2000,0.0,0.25075374155844155,11.415545454545455,0.004209876694547226,0.00019154103444332372,1.7039423165
100,20180615-2000,0.0,0.2836910130434782,12.90769565217391,0.005170573075892443,0.00017881680278005816,1.553683180875
101,20180615-2000,0.0,0.2722674116883117,11.883194805194805,0.004983440567584163,0.00016557035570927332,1.4329786179062496
102,20180615-2000,0.5930232558139535,0.2597580488372093,10.327813953488373,0.003966767937962848,0.0002237269274152752,0.95833031228125
103,20180615-2000,0.5862068965517241,0.2094042931034483,10.887931034482758,0.0023643625688215264,0.00013242421935355744,0.7265464601458334
104,20180615-2000,0.6511627906976745,0.19703293604651165,10.528430232558136,0.0031425643966835554,0.0002795044769431252,0.42099475229166666
105,20180615-2000,0.0,0.24132168260869552,12.179347826086957,0.0035888812616137085,0.00017220099575260582,2.0535670463124998
106,20180615-2000,0.0,0.22296664615384615,13.59230769230769,0.003488224798861333,0.00015217006479011438,2.253712971583333
107,20180615-2000,0.0,0.22974130161290318,13.766129032258064,0.0036656058814471372,0.00014860740939722246,2.3440215289791664
108,20180615-2000,0.0,0.2164810687500001,13.505859375,0.0033671240181625682,0.0001321956712653724,2.5375654419375
109,20180615-2000,0.0,0.204930227027027,11.929054054054053,0.0029480702601986527,0.00011764215147494265,2.374809288
110,20180615-2000,0.0,0.22157343529411755,12.259191176470587,0.0032409461852605107,0.00011345960582379225,2.2375869384166664
111,20180615-2000,0.0,0.2340698647058823,12.237132352941176,0.0037426238166462025,0.00011320213486391735,2.3858162991041665
112,20180615-2030,0.0,0.21621062249999998,10.835287499999996,0.0024818526837052574,0.0002577457992246816,2.0626543981041663
113,20180615-2030,0.0,0.24041535555555554,11.212962962962962,0.003311851429820464,0.00026046576681348796,1.8429451797187502
114,20180615-2030,0.0,0.2518075662162162,11.751689189189188,0.0036671774717033133,0.0002712181048972983,1.69201338209375
115,20180615-2030,0.0,0.25086305999999997,10.391858823529413,0.003399641558262188,0.00030963153467108246,1.5716380427812497
116,20180615-2030,0.5,0.27118591000000003,9.887466666666667,0.0036832574296877417,0.0003536911269288856,1.0930857904687499
117,20180615-2030,0.5816326530612245,0.20810396326530614,8.977102040816327,0.0020603489944794624,0.00027304580924657966,0.8637280383125
118,20180615-2030,0.7604166666666666,0.23094395312500002,9.793,0.003199627199742156,0.0003740407839092929,0.5660262609791666
119,20180615-2030,0.0,0.21706740800000007,12.095,0.002315717307727769,0.0002549887014228849,2.1921122158958335
120,20180615-2030,0.0,0.20915285416666674,11.796875,0.002339119601572147,0.00025766225749688224,2.3909801309375
121,20180615-2030,0.0,0.21578723478260872,12.684782608695652,0.0024656076205340385,0.00026573625792021327,2.481872866395834
122,20180615-2030,0.0,0.20375882307692297,12.715384615384615,0.0022721476891422216,0.0002768572809503425,2.6754619639791666
123,20180615-2030,0.0,0.20519241710526331,11.294407894736844,0.0022481991097774378,0.00027807408934544153,2.51249890425
124,20180615-2030,0.0,0.20695509740259743,10.646103896103895,0.002663803621077775,0.00027257261991981476,2.375203643729167
125,20180615-2030,0.0,0.2015147746478873,12.390845070422534,0.0025892802113757153,0.0002588926481652312,2.5239011932916666
126,20180615-2100,0.0,0.22497514799999999,11.5,0.003274207896692029,0.0001657261557323629,2.1064997764166664
127,20180615-2100,0.0,0.23486157662337662,11.668831168831169,0.004349934485746002,0.00021438417895360188,1.8866032911354167
128,20180615-2100,0.0,0.26237808,11.567440000000001,0.005057106418159043,0.00025503700383246555,1.735698179927083
129,20180615-2100,0.0,0.24965421,10.052033333333334,0.004488039582144839,0.0002747739475684277,1.6155696952187502
130,20180615-2100,0.3373493975903614,0.26844346265060237,11.003602409638557,0.004309508224047551,0.000160998255385559,1.1371874893125
131,20180615-2100,0.4673913043478261,0.19661342282608696,9.397434782608695,0.0022484510253551688,9.83440928850151e-05,0.9107995187500001
132,20180615-2100,0.7666666666666667,0.21668479666666668,10.122966666666665,0.0030558099052180967,0.00019473131298132918,0.6156691239166666
133,20180615-2100,0.0,0.22461251666666665,11.34375,0.003087035529857872,0.00014790307847538687,2.236148547
134,20180615-2100,0.0,0.2207819304347825,12.293478260869565,0.00338160610475613,0.0001323981483721017,2.435699985208333
135,20180615-2100,0.0,0.21976777826086966,12.630434782608695,0.0037509169579427576,0.0001329036485617854,2.5265587416249997
136,20180615-2100,0.0,0.22197278499999992,14.162500000000001,0.003840468216325088,0.00013242685196340642,2.7201168257916666
137,20180615-2100,0.0,0.2148077000000001,12.532608695652174,0.003454282097068509,0.00014007746940467518,2.557016994708333
138,20180615-2100,0.0,0.22069359428571436,11.833928571428572,0.0032083077845990967,0.00015246476259030795,2.419835043125
139,20180615-2100,0.0,0.22225776617647058,11.878676470588234,0.0034784467045424388,0.00015667619245400023,2.5682328151041665
140,20180615-2130,0.0,0.2539571777777777,11.231555555555554,0.003322154979169068,0.00014036855583104114,2.1050955595
141,20180615-2130,0.0,0.2653568580645161,10.433548387096772,0.003795164523221738,0.0001552101556266187,1.8849984846145833
142,20180615-2130,0.0,0.28709316428571424,11.004392857142859,0.004197723701925825,0.00015309027284187628,1.7346056730416668
143,20180615-2130,0.0,0.2766063193548387,10.520129032258065,0.003814343665984888,0.00013347846516063256,1.6135716092083332
144,20180615-2130,0.5048543689320388,0.27484735922330095,9.131009708737865,0.004232967682682182,0.000105412631366166,1.1360069147083334
145,20180615-2130,0.6185567010309279,0.2123160092783505,9.25320618556701,0.0022437304858354276,6.0635934134592925e-05,0.9123332798645833
146,20180615-2130,0.7058823529411765,0.21643487647058823,9.226058823529412,0.0026899139098402985,0.00012731681295617616,0.6237407920416668
147,20180615-2130,0.8620689655172413,0.1724195379310345,10.64665517241379,0.0016434693528069937,0.000550265581189711,0.24770537698958336
148,20180615-2130,0.0,0.24184853103448276,10.823275862068966,0.003147069635929189,0.00013327162950063287,2.234535326708333
149,20180615-2130,0.0,0.23780286538461548,11.528846153846155,0.0028323320852189464,0.00011771871599096454,2.4342840695625
150,20180615-2130,0.0,0.23700662962962962,11.152777777777777,0.0028823642061137503,0.00011425812052020507,2.5250322211458336
151,20180615-2130,0.0,0.23131429859154923,12.158450704225352,0.0028309881904502077,9.504017006411971e-05,2.718517461041667
152,20180615-2130,0.0,0.21446528901098907,9.980769230769232,0.003121445565886726,7.691390088753887e-05,2.555600509354167
153,20180615-2130,0.0,0.2477510522727273,10.84943181818182,0.0033805229105745987,6.565107815668658e-05,2.4182407429375
154,20180615-2130,0.0,0.2538293717647059,10.888235294117647,0.0035053878286899058,7.062314380598275e-05,2.566215267125
155,20180615-2200,0.0,0.26232676250000003,9.501968749999998,0.004519156511291093,0.0002763507312541654,2.116300688177083
156,20180615-2200,0.0,0.2612839336956521,10.188097826086958,0.004343678724928026,0.0002991124947423118,1.8960295030833334
157,20180615-2200,0.0,0.27051483267326737,9.389792079207922,0.004476822912374248,0.0003111462543053976,1.7456735870729165
158,20180615-2200,0.0,0.28974280421052634,9.93944210526316,0.005603358963474557,0.00031153380424028224,1.6256663062812498
159,20180615-2200,0.4845360824742268,0.2697334948453608,9.95301030927835,0.004802491470820655,0.00029298095333205536,1.1483918677708334
160,20180615-2200,0.5643564356435643,0.20667289306930695,9.486415841584158,0.0027746202777559417,0.00014606769010530712,0.9235053183645833
161,20180615-2200,0.7010309278350515,0.192029706185567,9.585742268041235,0.002563129163109029,0.000137066976903039,0.64125435375
162,20180615-2200,0.0,0.2475559887640449,9.99438202247191,0.0039983266968684735,0.00025600220836124413,2.2466221645416664
163,20180615-2200,0.0,0.2270668827586207,10.349137931034482,0.0032438571310678416,0.00023952829458111932,2.4460189828333334
164,20180615-2200,0.0,0.22717336626506024,10.368975903614457,0.003090617636607671,0.00023950833829611764,2.5367330958541667
165,20180615-2200,0.0,0.21345877415730333,9.9311797752809,0.00275719819071341,0.0002312568557305588,2.7307081660208334
166,20180615-2200,0.0,0.24542678666666662,10.416666666666666,0.0037588288371243877,0.00024031367109732192,2.5678270684375004
167,20180615-2200,0.0,0.24584809374999997,9.39453125,0.0036817276133853344,0.00026695608758422546,2.431518789395833
168,20180615-2200,0.0,0.2409126068965518,10.78448275862069,0.0031756440701971103,0.00027573943528189917,2.578354153020834
169,20180615-2230,0.0,0.2512248279069767,10.800941860465114,0.00397695447333353,0.00016823422622576484,2.001936239104167
170,20180615-2230,0.0,0.2606586784090909,10.689579545454547,0.004633163931909692,0.00017684193888673912,1.7813324641354165
171,20180615-2230,0.0,0.30771913125,12.0351375,0.0066050172657396294,0.00020262730762776493,1.6313572525729165
172,20180615-2230,0.0,0.3153617096385542,11.629445783132532,0.005766756471737707,0.0002231526976375959,1.5114332594166666
173,20180615-2230,0.6162790697674418,0.28573050348837203,10.972988372093026,0.004966175589066071,0.0002215486061506902,1.0408452256979168
174,20180615-2230,0.6382978723404256,0.20184888510638302,9.426893617021276,0.0024175099686135873,0.00011449143006516203,0.829586648625
175,20180615-2230,0.8571428571428571,0.2960121230769232,10.910043956043955,0.006473529710590568,0.00029744640308751626,0.4832948041770833
176,20180615-2230,0.0,0.26088566153846154,11.860576923076923,0.004271830456837918,0.00016844254728817781,2.1331172567708334
177,20180615-2230,0.0,0.27372175652173913,13.04891304347826,0.004336744351654635,0.00016952739013895762,2.332497331625
178,20180615-2230,0.0,0.2614686567567567,12.167229729729728,0.004447531066189724,0.00017900616654627867,2.4228865040416667
179,20180615-2230,0.0,0.2371351799999999,13.441071428571428,0.0037886179883642366,0.0001956500061582114,2.6166177954583336
180,20180615-2230,0.0,0.23274446703296706,10.059065934065934,0.003755878951231674,0.00020448820079165133,2.4533790907916666
181,20180615-2230,0.0,0.27726018,10.8796875,0.004712026482344003,0.00019757750283315098,2.3173657919375
182,20180615-2230,0.0,0.3011657470588235,13.411764705882351,0.0057223156046599674,0.0001730301118034233,2.463935327229167
183,20180615-2300,0.0,0.2432193417721519,11.703379746835441,0.0033895553139612015,0.00042446392197574453,1.8850444620625
184,20180615-2300,0.0,0.24007259361702138,9.899521276595747,0.003587703858318935,0.00043038215568562275,1.6644560494895833
185,20180615-2300,0.0,0.25631644827586203,11.53441379310345,0.003539666377784241,0.0003924898802450976,1.5139849273333332
186,20180615-2300,0.02197802197802198,0.26057475494505494,10.217637362637364,0.004288825129572875,0.0003640254033592379,1.3942617687916667
187,20180615-2300,0.632183908045977,0.25506420344827585,11.293103448275861,0.0034278005375787935,0.0004228342699680639,0.92537195975
188,20180615-2300,0.44954128440366975,0.1656134504587156,8.201807339449541,0.001427638074983449,0.0002458680933921243,0.7352621843333333
189,20180615-2300,0.7816091954022989,0.24804283103448274,11.334000000000001,0.00409845718636152,0.0004848208679653519,0.3727044635625
190,20180615-2300,0.0,0.23559376216216213,12.187499999999998,0.0031915417610688846,0.000404463067813225,2.0154869471249994
191,20180615-2300,0.0,0.2143371648648649,12.324324324324323,0.00248727245459985,0.00036975662373221356,2.216229580916667
192,20180615-2300,0.0,0.2138062225352112,12.686619718309858,0.002341577031722153,0.0003754199044602722,2.305237422041667
193,20180615-2300,0.0,0.1961415287671234,11.491438356164386,0.0018746162571121393,0.0003323549498556201,2.49939166375
194,20180615-2300,0.0,0.20249914827586205,10.775862068965518,0.002557900315587772,0.000293292837110674,2.3358822156250003
195,20180615-2300,0.0,0.24431964399999992,12.605,0.003495633789899686,0.00027058882175297187,2.2001389502916666
196,20180615-2300,0.0,0.23410959295774642,11.767605633802816,0.00299749539097572,0.000265286012524629,2.3465347336875
197,20180615-2330,0.0,0.23059782567567566,11.630027027027026,0.00341244375317142,0.00033207276383839975,1.6627700775416667
198,20180615-2330,0.0,0.24095521807228912,10.775638554216867,0.003352435924994775,0.0003800376036929452,1.4418802742499999
199,20180615-2330,0.06666666666666667,0.24626932999999998,10.764766666666665,0.003288678416849501,0.0003868406818023437,1.29111804265625
200,20180615-2330,0.37254901960784315,0.26686801764705875,9.22241176470588,0.004063841159835462,0.00034913803853407836,1.171579222041667
201,20180615-2330,0.6346153846153846,0.18210884711538464,8.828653846153848,0.0020734407530104515,0.00026759065103455505,0.7290522445937501
202,20180615-2330,0.569620253164557,0.14371361772151897,11.70573417721519,0.0013777916210835155,0.00024590038506394017,0.55511545875
203,20180615-2330,0.0,0.2275419000000001,11.565789473684212,0.003116443946863841,0.00029112742047112934,1.7941654056874998
204,20180615-2330,0.0,0.20641902467532466,12.126623376623376,0.002440748138221951,0.0002525749088811588,1.9950304297708332
205,20180615-2330,0.0,0.20860409610389616,12.180194805194805,0.0023621217698156223,0.00025190887508270255,2.0832711547708334
206,20180615-2330,0.0,0.195995212987013,11.371753246753247,0.0023613923466657603,0.00022431616930436728,2.277353813875
207,20180615-2330,0.0,0.2083895761363638,10.619318181818183,0.0028049821046721604,0.0002085955373520412,2.1145140720000004
208,20180615-2330,0.0,0.23370522500000007,10.566964285714285,0.0032163025458176583,0.0002124860796320437,1.9782320936874997
209,20180615-2330,0.0,0.23456111052631576,11.64967105263158,0.0028666113684293194,0.0002165696621417374,2.1251251625000003
210,20180616-2000,0.0,0.26310330447761204,11.790000000000004,0.0036289685547021724,0.00030332036852708357,1.7465466999791666
211,20180616-2000,0.0,0.27837015714285707,12.73804761904762,0.0038722133184465684,0.00029733031412130243,1.5384368236354165
212,20180616-2000,0.11940298507462686,0.2849785432835821,12.167820895522391,0.003991888879312654,0.0002876226800329946,1.3666732445416667
213,20180616-2000,0.208955223880597,0.30356912686567167,12.025253731343286,0.004135544231716199,0.0002937762375671312,1.2393153265520835
214,20180616-2000,0.7605633802816901,0.26428412957746483,11.619718309859154,0.002469141709724854,0.00022802116577812917,0.7479776053541667
215,20180616-2000,0.8055555555555556,0.21938424583333332,12.005166666666668,0.0022164056490447384,0.0002879406348605184,0.5022165188229166
216,20180616-2000,0.9365079365079365,0.10110764285714284,13.470238095238095,0.000514416948209483,0.0003131961080205821,0.21892775160416666
217,20180616-2000,0.0,0.25373684307692307,11.901923076923076,0.003401582205998357,0.00030928845163234004,1.9092872213125
218,20180616-2000,0.0,0.25099894354838714,12.550403225806452,0.0031634644641217583,0.0003032907888130191,2.0645737447291665
219,20180616-2000,0.0,0.25745843999999996,12.90625,0.003140734130337576,0.000301849649089592,2.1725028009374996
220,20180616-2000,0.0,0.23891679677419347,11.860887096774194,0.0029413065506377054,0.0002914336417766576,2.3680621724375004
221,20180616-2000,0.0,0.2479483619047619,12.208333333333332,0.003040708454467898,0.0002746475564426766,2.1941247497083336
222,20180616-2000,0.0,0.2505466523076923,11.769230769230768,0.003198450717449971,0.00024904430033352055,2.0548320772916666
223,20180616-2000,0.0,0.24054305409836063,12.633196721311476,0.002968698948359681,0.0002291054716390332,2.1970962630208337
224,20180616-2030,0.0,0.2572315149999999,12.543600000000005,0.004650284081424712,0.0003647144398744363,1.8892832724479167
225,20180616-2030,0.0,0.25822393684210515,14.427526315789475,0.004193560550036018,0.00036009424530415664,1.6809625044166665
226,20180616-2030,0.0,0.2562335065573771,12.943770491803278,0.004375557604940844,0.00031438209771168736,1.5090040938749998
227,20180616-2030,0.04838709677419355,0.2672576322580646,12.13620967741935,0.004554114670150194,0.00023906672176717466,1.3828235581979167
228,20180616-2030,0.6885245901639344,0.281894655737705,12.836065573770494,0.003592258437262729,0.00039813786261019916,0.8824482525104167
229,20180616-2030,0.8208955223880597,0.26510969999999995,11.910402985074626,0.002922163861736048,0.00035953435759407567,0.6400789688020833
230,20180616-2030,0.8059701492537313,0.164480923880597,12.934701492537314,0.0018230096868729914,0.00026988797908569686,0.35292714446875
231,20180616-2030,0.0,0.2388967677966101,12.36228813559322,0.004427452305882617,0.0003622818131278051,2.0510334777708334
232,20180616-2030,0.0,0.22381267241379332,13.118534482758623,0.0037509200547791314,0.00033566295991218107,2.2064339215833333
233,20180616-2030,0.0,0.21911513275862066,13.008620689655174,0.00348578776465113,0.00032725668781339635,2.314990956125
234,20180616-2030,0.0,0.21244606721311482,12.393442622950822,0.0033284144563412083,0.0003008391691560713,2.5108605311249996
235,20180616-2030,0.0,0.2203861241379311,13.040948275862071,0.003961936046803139,0.00028517949990615357,2.337333815270833
236,20180616-2030,0.0,0.224306237704918,12.577868852459018,0.004074304555194992,0.00028934788397186524,2.198530483354167
237,20180616-2030,0.0,0.21467167142857138,12.392857142857142,0.0034748282972334277,0.0003080350714761671,2.340463108895833
238,20180616-2100,0.0,0.24192556271186438,13.201372881355931,0.002996309735003003,0.0004888756826480731,2.004569656104167
239,20180616-2100,0.0,0.25857697222222215,14.552000000000001,0.003508207504379466,0.000545786047043083,1.7969037812083335
240,20180616-2100,0.0,0.24297401694915255,12.899338983050846,0.003246413951182164,0.0005818238228370703,1.6251940902395832
241,20180616-2100,0.0,0.2737738344827586,13.823379310344826,0.0031056059472372964,0.0005454021681295932,1.4977992463229168
242,20180616-2100,0.6885245901639344,0.26830781311475416,13.005245901639343,0.0029992921652808036,0.0005550170637661873,0.9939057513020835
243,20180616-2100,0.8253968253968254,0.28996860952380954,12.258809523809523,0.002845183703442294,0.0006728245453693952,0.7545532119895833
244,20180616-2100,0.782608695652174,0.22659709999999997,12.437478260869565,0.002341563897042458,0.0005240592601755476,0.4572029804270833
245,20180616-2100,0.0,0.23102515789473685,13.302631578947368,0.002748185482423247,0.0004636352006627797,2.1666585894583332
246,20180616-2100,0.0,0.21813622999999996,12.731250000000001,0.002446994428831658,0.00043083127883328763,2.321599820645833
247,20180616-2100,0.0,0.21413414745762718,12.502118644067796,0.002371795857330187,0.0004307356015239475,2.4302969121041667
248,20180616-2100,0.0,0.22076841964285712,14.323660714285714,0.002614691314713866,0.00042947426972585884,2.6263657693541664
249,20180616-2100,0.0,0.23032546034482765,13.493534482758623,0.002763202984086405,0.0004330306179623161,2.453139860125
250,20180616-2100,0.0,0.22773498688524613,12.233606557377051,0.002455424836573123,0.00043676742646214925,2.3144985855833338
251,20180616-2100,0.0,0.22180346379310345,13.480603448275863,0.002696323307973887,0.00041810716697619874,2.456669977854167
252,20180616-2130,0.0,0.2632992436363636,14.474945454545457,0.004365872395729039,0.0001893812280363258,2.0998098570416666
253,20180616-2130,0.0,0.2792525830188679,14.281924528301884,0.00425790983450509,0.0002041805115452429,1.8922274803854169
254,20180616-2130,0.0,0.2695785642857143,13.804660714285713,0.004506900750178189,0.00027067934326999247,1.72063223553125
255,20180616-2130,0.0,0.30149909411764714,15.099352941176468,0.005194529063379689,0.00036964947192289014,1.592171670875
256,20180616-2130,0.5740740740740741,0.3110631888888889,15.64916666666667,0.004404303425854651,0.00023264628589323352,1.0876742684479166
257,20180616-2130,0.746031746031746,0.3055737238095238,13.431333333333338,0.003984349803010231,0.00023503490977258736,0.8483744919895834
258,20180616-2130,0.9,0.28111007499999996,13.8969,0.0037215201852407046,0.00026535514213522194,0.5566783811666667
259,20180616-2130,0.0,0.2588340647058824,15.963235294117647,0.004344111814165691,0.00019940757054267406,2.2618204009375003
260,20180616-2130,0.0,0.23579944200000005,15.66,0.004086712699638594,0.0002075111137755876,2.4166966501666667
261,20180616-2130,0.0,0.2455524588235295,16.15441176470588,0.003949955662417927,0.0002196033821823395,2.5257619715
262,20180616-2130,0.0,0.23402400566037726,14.448113207547168,0.0032123196467733176,0.0002633557882129642,2.7214238818125
263,20180616-2130,0.0,0.2327952654545455,14.236363636363638,0.0036640623749378087,0.0002942910514273145,2.5480560821875002
264,20180616-2130,0.0,0.25468777800000003,15.69,0.004730176420753968,0.00029018853655729147,2.409601401854167
265,20180616-2130,0.0,0.24842408653846157,14.72596153846154,0.0038615665913231075,0.0002697447700458121,2.5510692551666665
266,20180616-2200,0.0,0.27188946545454556,15.174054545454542,0.00587560890724974,0.0002592386597614448,2.1600459467187494
267,20180616-2200,0.0,0.3026805777777778,14.993222222222217,0.006856685257111671,0.00025383823644572383,1.95235985315625
268,20180616-2200,0.0,0.31051076666666666,14.916833333333331,0.006771314819381044,0.00023581235533819643,1.7806023080104167
269,20180616-2200,0.0,0.2900564018181818,14.372727272727273,0.005475259285703574,0.00021245794272595968,1.652449969875
270,20180616-2200,0.47368421052631576,0.3196210578947368,14.00994736842105,0.005443365016609838,0.0001443748925522414,1.1484395386458335
271,20180616-2200,0.8135593220338984,0.3276689186440678,14.059322033898304,0.006551960540282622,0.0002551624151609383,0.90769432371875
272,20180616-2200,0.8771929824561403,0.28460301052631576,14.63789473684211,0.004018016875668174,0.00022682349680291407,0.6191821760104167
273,20180616-2200,0.0,0.2761513157894736,14.44736842105263,0.005523145912972655,0.00025755809246873093,2.323512089208333
274,20180616-2200,0.0,0.2697478823529411,15.073529411764707,0.004858597983063614,0.00023890306284814937,2.4772826102291665
275,20180616-2200,0.0,0.2625518388888889,14.409722222222221,0.00473493572192879,0.0002316941397917094,2.5868322705416666
276,20180616-2200,0.0,0.24858712105263167,13.789473684210526,0.004522913124768338,0.00021994092271339835,2.782146794625
277,20180616-2200,0.0,0.24886402105263158,13.776315789473683,0.004485720627933041,0.00020492622750279898,2.6092003719583334
278,20180616-2200,0.0,0.2877021634615387,14.63221153846154,0.006030958877165101,0.000180913553038694,2.4706275965
279,20180616-2200,0.0,0.26605333888888894,15.215277777777777,0.005393252537293821,0.0001690672228515959,2.6126366704791666
280,20180616-2230,0.0,0.27345208947368405,14.608526315789474,0.0033366203412567956,0.0003144718084743553,2.143680160979167
281,20180616-2230,0.0,0.2872178732142856,13.40635714285714,0.004451653294135509,0.0003244884242760418,1.9363714295625
282,20180616-2230,0.0,0.27034414528301887,14.497415094339626,0.004361383441351342,0.00030637903919003985,1.7647049365416667
283,20180616-2230,0.0,0.27145774576271187,13.585728813559323,0.003906724126618058,0.0002809571302750748,1.6371834649583334
284,20180616-2230,0.4426229508196721,0.2837832147540984,12.543983606557381,0.003982253354289849,0.0002770422533160327,1.1307882783645833
285,20180616-2230,0.6935483870967742,0.3184490903225806,12.895258064516126,0.0043187226172008335,0.00024683640298386585,0.8932543869583333
286,20180616-2230,0.8813559322033898,0.2706393101694915,13.604847457627116,0.0031999837660872045,0.0003750319283608504,0.6066803436458333
287,20180616-2230,0.0,0.25339980000000006,13.590517241379311,0.0034627471500233123,0.0003007798597780176,2.308838180520833
288,20180616-2230,0.0,0.2469802500000001,14.840277777777777,0.0035841230631345933,0.0002655303573400263,2.4620960782708337
289,20180616-2230,0.0,0.23463380892857136,13.627232142857142,0.0034927305187861597,0.0002491717643972636,2.5717000021875
290,20180616-2230,0.0,0.23854782631578958,14.223684210526315,0.0028992806197990256,0.00021066720431733046,2.7665838399791665
291,20180616-2230,0.0,0.23025277500000008,14.203125,0.0025277000519696134,0.0001732675429925995,2.593585810895833
292,20180616-2230,0.0,0.2578897611111111,14.86111111111111,0.003845660513437114,0.0001707322758780849,2.454677470125
293,20180616-2230,0.0,0.265740114,15.014999999999999,0.0037739643848752847,0.00020301950958866996,2.5965591903541667
294,20180616-2300,0.0,0.22463804262295087,13.733606557377051,0.0041585780521234805,0.0002836670106828677,2.0946569958437498
295,20180616-2300,0.0,0.2543648368421054,14.272894736842108,0.005316035367356634,0.0002872490901899993,1.887125690979167
296,20180616-2300,0.0,0.2628975879310345,13.913844827586207,0.005344318481126597,0.0003319730626512266,1.7153521838749999
297,20180616-2300,0.0,0.23491665238095238,13.520761904761903,0.0036740148973700088,0.00043248631637102074,1.58767091553125
298,20180616-2300,0.40298507462686567,0.24860564328358215,12.744358208955227,0.0036826141239059006,0.00029484282716086874,1.0829921147291666
299,20180616-2300,0.6716417910447762,0.2726313313432837,13.192298507462684,0.004803018244720824,0.0002501182168778092,0.8447309344583332
300,20180616-2300,0.7285714285714285,0.21045046714285714,12.466071428571428,0.002625510834648276,0.00035293144819609695,0.5596260101770834
301,20180616-2300,0.0,0.2134626,13.620762711864407,0.003581847468826775,0.00028512566711925714,2.2594831131458335
302,20180616-2300,0.0,0.20572617368421048,14.394736842105262,0.0031924537712932593,0.00026646930086646567,2.412391875125
303,20180616-2300,0.0,0.20765522727272734,14.54318181818182,0.00329513356970966,0.00026580296079275426,2.5216745778541667
304,20180616-2300,0.0,0.20915943818181823,14.440909090909091,0.0036954044199503347,0.0002745187155587515,2.7161171397291666
305,20180616-2300,0.0,0.22973201249999994,14.25,0.004428438105076377,0.0002617648768324567,2.5433582092083333
306,20180616-2300,0.0,0.23074038113207543,15.417452830188678,0.004389002860709332,0.00024241180501754388,2.4043196822291666
307,20180616-2300,0.0,0.20816290714285715,14.069196428571427,0.0036409973967271602,0.00023553456289035222,2.5466366952708337
308,20180616-2330,0.0,0.2654718864406779,12.711915254237287,0.003715815096454634,0.00031678826635707114,2.0102503074999998
309,20180616-2330,0.0,0.27590051499999996,13.028099999999998,0.0040341603116122665,0.0003078929447167944,1.8028650133020832
310,20180616-2330,0.0,0.2775881399999999,11.780861538461535,0.004556063486740165,0.00028584420719634623,1.63127206415625
311,20180616-2330,0.0,0.2625291,11.184695652173914,0.003774226726058033,0.00023578146940165173,1.5040907511770834
312,20180616-2330,0.5942028985507246,0.28208980434782605,11.815086956521743,0.0034237225875082384,0.0002033231816241315,1.00128661734375
313,20180616-2330,0.7681159420289855,0.3163223347826087,12.37778260869565,0.004611943976279137,0.00018297232093407006,0.7606519051666667
314,20180616-2330,0.7230769230769231,0.1851668815384615,12.51623076923077,0.0017760530693531475,0.00013936025810836196,0.48647185965625
315,20180616-2330,0.0,0.24887217457627112,12.800847457627118,0.0034623655950793957,0.00029924470781294286,2.1749733174791666
316,20180616-2330,0.0,0.23454366774193544,12.63508064516129,0.003098421862550724,0.0002697497966843646,2.3293135535208336
317,20180616-2330,0.0,0.2266570403225807,12.48991935483871,0.00311528254412033,0.0002735855823827946,2.4382128351875
318,20180616-2330,0.0,0.22490912499999985,13.1125,0.0032056487825545617,0.0002819386508944362,2.6326284929166666
319,20180616-2330,0.0,0.2459164199999999,13.80625,0.003516534904806516,0.0002727792276815545,2.459953699875
320,20180616-2330,0.0,0.24283194193548374,12.713709677419354,0.004176032253016382,0.00026900588633787907,2.3213549195833334
321,20180616-2330,0.0,0.23214900483870973,12.622983870967742,0.0032628342026384447,0.000264855194759895,2.4633577805416667
322,20180617-0000,0.0,0.25432864285714285,13.27085714285714,0.004333582750967358,0.0003376872539176304,1.8495386095104167
323,20180617-0000,0.0,0.2513552815384615,11.437523076923075,0.003973039779109919,0.00036884461889998736,1.6422093070625
324,20180617-0000,0.0,0.27625200461538457,12.213369230769231,0.0047719714333292595,0.00037805746989414725,1.4704718211145833
325,20180617-0000,0.06451612903225806,0.29404767096774187,11.900177419354838,0.004786065462005163,0.0003509355320578959,1.3448386141666666
326,20180617-0000,0.6805555555555556,0.28524239166666665,11.661624999999995,0.003869525190384925,0.0002611927088064197,0.8451243353645833
327,20180617-0000,0.759493670886076,0.2545909746835443,11.16937974683544,0.0031004742972990536,0.00036259078562344584,0.6028067177291666
328,20180617-0000,0.6666666666666666,0.1282868625,12.580625,0.000889581887931597,0.00028210801424078026,0.34458014571874995
329,20180617-0000,0.0,0.2530210524590164,12.485655737704919,0.004420443472086326,0.0003274664144628412,2.0140097568125
330,20180617-0000,0.0,0.2328924915254238,13.531779661016948,0.0036407120222760074,0.00029791472571281366,2.1691339369791662
331,20180617-0000,0.0,0.2284484288135594,13.04237288135593,0.0033076155683824373,0.00029472420041058576,2.2780507053749997
332,20180617-0000,0.0,0.22492041864406778,12.819915254237287,0.0030362231499122426,0.0002872967426318841,2.47223113425
333,20180617-0000,0.0,0.22696992000000002,11.85576923076923,0.0035949499741276263,0.00026212385558109237,2.298553334770833
334,20180617-0000,0.0,0.22980268064516132,12.03024193548387,0.0044672059382238295,0.00022934395046158253,2.1595026063541667
335,20180617-0000,0.0,0.2226211380952381,12.297619047619047,0.0035028215168910848,0.00020031434285156403,2.3018183851458334
336,20180617-0030,0.0,0.24570770163934436,13.589213114754099,0.003507550024214612,0.0002665668771161433,1.6921653008541668
337,20180617-0030,0.0,0.2457469868852459,13.186377049180331,0.0033167152520228367,0.0003299718700626411,1.4843220898645832
338,20180617-0030,0.1111111111111111,0.27291046666666663,13.196523809523807,0.0041858247175176385,0.0003681060621672774,1.3128288905416667
339,20180617-0030,0.328125,0.290082515625,12.59765625,0.004140582043524019,0.0003757279279181366,1.1855200535729167
340,20180617-0030,0.8169014084507042,0.26371335633802817,11.432197183098593,0.002763095538055018,0.00020122615942168754,0.6923899727604167
341,20180617-0030,0.7972972972972973,0.18414910135135132,12.486486486486484,0.0018319150483409076,0.0002725441861677371,0.45928567038541673
342,20180617-0030,0.0,0.24650816842105255,14.611842105263158,0.0035892664093786814,0.00023821921133139755,1.856770023625
343,20180617-0030,0.0,0.23263851724137946,14.308189655172416,0.0034021541406847973,0.00020307963355689596,2.012781403125
344,20180617-0030,0.0,0.22548529655172417,14.437500000000002,0.003245253740393452,0.0001929148350656979,2.121283171
345,20180617-0030,0.0,0.21823146315789477,14.19078947368421,0.0029103664991950557,0.00017300526617124867,2.31581286075
346,20180617-0030,0.0,0.21500876379310355,13.435344827586208,0.0028356866251117423,0.00016607199005648406,2.142041508854167
347,20180617-0030,0.0,0.23781367894736843,14.26315789473684,0.003465831730181135,0.00017469487772366662,2.0026270335
348,20180617-0030,0.0,0.22494811551724134,13.42241379310345,0.0033851940667377323,0.00018997999746144485,2.1446398547916665
349,20180617-1100,0.03508771929824561,0.44657618421052625,14.585421052631581,0.009833522601717812,0.0006694292412811245,1.6453566850624999
350,20180617-1100,0.13636363636363635,0.4445143636363637,13.136454545454544,0.010251528590491235,0.0007021062808645717,1.4425540493541669
351,20180617-1100,0.4603174603174603,0.5015852,14.023714285714284,0.012561107646451816,0.0006160533928320832,1.2845986419270832
352,20180617-1100,0.6666666666666666,0.48490928749999995,12.773499999999999,0.010837875802696531,0.0004837925997624342,1.1337053495312501
353,20180617-1100,0.88,0.35341357599999995,12.14256,0.006112615603966066,0.0004965795268408754,0.6262655079479167
354,20180617-1100,0.8260869565217391,0.26755070000000003,13.899391304347827,0.004761014817987197,0.00046487810532193526,0.3949564046458333
355,20180617-1100,0.0,0.44369773888888897,15.513888888888888,0.010336946580249582,0.0006322656065344089,1.8348979860416668
356,20180617-1100,0.0,0.4313387830188678,15.566037735849054,0.01035598407682874,0.0005514474950890565,1.9710905007916668
357,20180617-1100,0.0,0.44647990588235287,16.24264705882353,0.010471765694071974,0.0005398176308020197,2.0729324926875
358,20180617-1100,0.0,0.3991819777777777,15.819444444444443,0.008865709361030724,0.0004623306566946113,2.2582747174375
359,20180617-1100,0.0,0.38181258500000004,13.25,0.0077122979025175675,0.0003977243186782195,2.07710782575
360,20180617-1100,0.0,0.4204066576271186,13.271186440677965,0.010295484958250794,0.00035559347495440043,1.960489493958333
361,20180617-1100,0.0,0.4503325096153847,16.478365384615387,0.011909497989835002,0.0003363831960502258,2.1122724085625
362,20180617-1100,0.0,0.45082075471698096,15.254716981132074,0.011211832910062065,0.0006817904804524805,1.8289553
363,20180617-1100,0.031746031746031744,0.4478285714285715,13.226190476190476,0.009900418227328874,0.0007067814629388243,1.5693595958333333
364,20180617-1100,0.2608695652173913,0.46989130434782606,13.184782608695652,0.011725287775687968,0.0006754327939197644,1.4088225583333331
365,20180617-1100,0.5694444444444444,0.47423333333333334,12.557291666666666,0.010196365695532924,0.0005095016986751566,1.2096260541666668
366,20180617-1100,0.3150684931506849,0.4584000000000001,12.236301369863016,0.01059369104518922,0.0007137688699269455,1.382568154166667
367,20180617-1130,0.0,0.33781408732394363,12.198042253521125,0.007054980669375745,0.0002486739982932062,1.6451378274895834
368,20180617-1130,0.11764705882352941,0.35757666176470587,12.901632352941176,0.007752517479078892,0.0002456868996110256,1.44337929159375
369,20180617-1130,0.30303030303030304,0.4186648136363636,13.133500000000002,0.010409287897639088,0.00022343093549961375,1.2857604838125
370,20180617-1130,0.5428571428571428,0.4067413885714288,12.85722857142857,0.009063633142529655,0.00017995488898320537,1.1350080155937499
371,20180617-1130,0.813953488372093,0.3105008546511627,11.487732558139532,0.004975740803040727,0.00023356043231636473,0.6233651535729166
372,20180617-1130,0.7733333333333333,0.242045988,12.997480000000001,0.00384661675214752,0.00017746796716990685,0.39235130546875
373,20180617-1130,0.0,0.3531016272727272,13.323863636363637,0.007858574301192313,0.0002455637576205109,1.8360078196666665
374,20180617-1130,0.0,0.3465571935483871,13.64516129032258,0.00816800230328381,0.0002322448892969092,1.9713549286458336
375,20180617-1130,0.0,0.36331146000000014,15.879545454545456,0.008357708940937448,0.00023980365222743102,2.0729271029375
376,20180617-1130,0.0,0.31750649516129037,13.560483870967742,0.006755829321372069,0.00022690274100548022,2.2580732618750003
377,20180617-1130,0.0,0.31651606363636375,11.960227272727273,0.005581862193297947,0.00022673644633510164,2.0790639255416665
378,20180617-1130,0.0,0.35688039375,12.755859375,0.007695821068507649,0.00022237035527779194,1.9629126229375
379,20180617-1130,0.0,0.38598556315789473,14.927631578947368,0.00923189985036608,0.00021374903232809837,2.114505477375
380,20180617-1130,0.0,0.3608723076923076,13.292307692307691,0.008415001457543477,0.00025558803126347993,1.8306981333333332
381,20180617-1130,0.014705882352941176,0.34598382352941176,12.275735294117647,0.006929802153938172,0.0002585066594393657,1.5719592624999998
382,20180617-1130,0.14705882352941177,0.3914161764705882,12.749999999999998,0.009589301845578633,0.0002517141784245237,1.4109965791666665
383,20180617-1130,0.4050632911392405,0.38955189873417717,11.259493670886076,0.008042569394059536,0.00017120191510516488,1.2096107416666666
384,20180617-1130,0.20512820512820512,0.4117923076923076,11.418269230769232,0.008566467538261216,0.00020383182079401996,1.3839222583333335
385,20180617-2100,0.0,0.34823981095890416,12.06924657534247,0.006534259507924666,0.000543643781064886,1.7359697969375
386,20180617-2100,0.02857142857142857,0.35904575571428565,12.47425714285714,0.006137255004520874,0.0005963353804253729,1.5550456972083335
387,20180617-2100,0.18181818181818182,0.400135,14.048090909090915,0.007582978769760859,0.0006204842727371966,1.3803803023541668
388,20180617-2100,0.4084507042253521,0.41221123943661964,12.446366197183098,0.007787556744966673,0.000635861220326076,1.2089396303541668
389,20180617-2100,0.9047619047619048,0.38335159642857136,11.830392857142856,0.005856753965195087,0.0005028172202463977,0.65734005378125
390,20180617-2100,0.8589743589743589,0.31335786923076925,11.891846153846155,0.0059150084113633455,0.0009348436148271247,0.45639321509374997
391,20180617-2130,0.0,0.3716382857142857,13.744190476190472,0.008801511058037116,0.0004298933039239162,1.9028336851979164
392,20180617-2130,0.0,0.36729127500000003,13.195171875000003,0.008295996090895258,0.00048497805345010193,1.72216757828125
393,20180617-2130,0.03389830508474576,0.39976083559322023,14.529559322033899,0.010223150780649377,0.00046671392297073635,1.5480563615208334
394,20180617-2130,0.2,0.4408111699999999,14.421700000000005,0.010569775954841683,0.0003880526032228919,1.3789509324270834
395,20180617-2130,0.8589743589743589,0.44396567307692325,12.108038461538463,0.009188926381452339,0.0003412935574222967,0.8258286763020833
396,20180617-2130,0.810126582278481,0.37810139240506324,11.70075949367089,0.008676501793533988,0.0002997023405608751,0.6180829905520834
397,20180617-2130,0.7671232876712328,0.2561589082191781,12.498410958904108,0.003343201871402231,0.0009974175537754333,0.3843522329375
398,20180617-2200,0.0,0.3715320984375,13.699171875000001,0.006417907120271366,0.0004501689878061894,2.0011461262083334
399,20180617-2200,0.0,0.3742625742857143,12.340114285714288,0.007166180820264109,0.00039988412730462575,1.8205830645312502
400,20180617-2200,0.01639344262295082,0.4303512983606557,14.13919672131148,0.008269399125214757,0.00032397314141689954,1.6459876076145832
401,20180617-2200,0.058823529411764705,0.41224471323529427,13.185529411764708,0.0076356508689440685,0.00023356369491053436,1.4793655065208335
402,20180617-2200,0.8,0.42068782500000007,11.0133,0.006963177762359591,0.0005870187201115184,0.9261004000729167
403,20180617-2200,0.9113924050632911,0.3925129215189873,11.513430379746836,0.007725820953914385,0.0005487676858620587,0.7166958766666667
404,20180617-2200,0.7857142857142857,0.2624757321428572,11.292428571428571,0.00401251298542024,0.0009079928160464531,0.48171635490625003
405,20180617-2230,0.0,0.44880746727272736,15.858981818181823,0.010561123938348967,0.0010323900897089677,2.094886422114583
406,20180617-2230,0.0,0.43366924838709675,13.433516129032256,0.010347143072947368,0.0010485379420827761,1.9142907633958335
407,20180617-2230,0.0,0.5096290086206896,14.576327586206899,0.01578890142611847,0.0008112607316999526,1.7397830681458333
408,20180617-2230,0.08771929824561403,0.5352239631578947,15.463842105263156,0.015237957541068709,0.00045967616709352425,1.5710793645520833
409,20180617-2230,0.7402597402597403,0.5048150142857143,11.787857142857149,0.012635300346410831,0.0012659878865851379,1.0186723212187503
410,20180617-2230,0.8095238095238095,0.4461954785714286,11.276821428571427,0.01064105489754523,0.000887290893679987,0.8095666865729165
411,20180617-2230,0.8311688311688312,0.32329443506493505,12.075662337662333,0.0076694273530495795,0.0006117032300913543,0.5840884376354167
412,20180617-2300,0.0,0.3802652213114754,14.252950819672133,0.006473541860489997,0.00033963598938573027,2.1220955439895834
413,20180617-2300,0.0,0.3650403904761904,13.50890476190476,0.005843080851896107,0.0005527590737383132,1.9419190538437503
414,20180617-2300,0.0,0.3916987343283583,12.82558208955224,0.00706884800735814,0.0007907111067058713,1.7666883696875
415,20180617-2300,0.046153846153846156,0.4317232384615385,13.419138461538463,0.008969576887938022,0.0010355301102291867,1.5960746527916667
416,20180617-2300,0.684931506849315,0.4618304178082192,11.881890410958905,0.008593080085133148,0.000572494699459296,1.04698035796875
417,20180617-2300,0.8928571428571429,0.4018732,10.79007142857143,0.006918272076976099,0.00042122445205163255,0.8337446609375001
418,20180617-2300,0.8472222222222222,0.3145648,13.122333333333334,0.005222168494591292,0.0011968523895655107,0.6056029507291666
419,20180617-2330,0.0,0.4673516035714285,14.313428571428576,0.012469485433183889,0.0010316920177225726,2.1060349664687497
420,20180617-2330,0.0,0.4580065656716418,12.472835820895526,0.01136285860981295,0.0009410130626580095,1.92620144690625
421,20180617-2330,0.018867924528301886,0.5160920943396226,15.010698113207544,0.013386089488997792,0.0008328421345066542,1.751423571
422,20180617-2330,0.05263157894736842,0.5540964526315789,15.644736842105262,0.014249833062810418,0.0006449844429220874,1.5813505118437499
423,20180617-2330,0.8428571428571429,0.5565655114285714,12.709885714285713,0.013554781043093267,0.001029311137655964,1.0330575291979167
424,20180617-2330,0.8636363636363636,0.43746947386363644,10.06530681818182,0.009013772705123773,0.001238761794978474,0.82040963678125
425,20180617-2330,0.8484848484848485,0.3352236454545454,13.76418181818182,0.006342878692320087,0.001521945245325464,0.5990295638750001
426,20180618-0000,0.0,0.46402094545454553,12.750045454545454,0.007570183818710709,0.0003290466755456995,2.0562988454166664
427,20180618-0000,0.0,0.437592547826087,12.763478260869567,0.007560095888428006,0.00034787823353433963,1.8767202903229168
428,20180618-0000,0.0,0.4695295147058824,12.383338235294115,0.009090456029965959,0.000407797722013351,1.7025274667291665
429,20180618-0000,0.11764705882352941,0.49067981911764696,11.57541176470588,0.008154971657752141,0.00048549500592670483,1.5304726411041667
430,20180618-0000,0.7682926829268293,0.4755710341463416,10.367451219512194,0.008541934121752415,0.0007350337938588668,0.9852016169791666
431,20180618-0000,0.9294117647058824,0.4062145976470588,11.115458823529412,0.00919840894596205,0.0004964835844965307,0.7731539154479167
432,20180618-0000,0.9142857142857143,0.27502915714285714,12.776828571428569,0.00440028106472363,0.0007910925458916761,0.54868393278125
433,20180618-1100,0.23863636363636365,0.7270190761363636,9.240784090909091,0.037179315699665,0.0024846111593700127,1.6706217168229167
434,20180618-1100,0.6777777777777778,0.7007625566666665,9.083333333333334,0.032186238536336426,0.0025104447162403285,1.4424233051770834
435,20180618-1100,0.9058823529411765,0.6444539152941176,9.734576470588236,0.026707516468466908,0.0024129837198731603,1.2719075934375
436,20180618-1100,0.9397590361445783,0.5366588313253012,9.865265060240962,0.01915409722492215,0.0018893119518278855,1.1591923027395832
437,20180618-1100,0.961038961038961,0.3601044662337662,10.629038961038962,0.007744213771817635,0.0029650865436498214,0.6212556198125
438,20180618-1100,0.011764705882352941,0.7263705882352941,9.520588235294117,0.03693685379001587,0.002585566452811697,1.8915133
439,20180618-1100,0.39080459770114945,0.7370448275862068,9.241379310344827,0.03645258244515465,0.0026091997102850283,1.5886317416666664
440,20180618-1100,0.7906976744186046,0.6803058139534884,9.527616279069766,0.03007567554778851,0.002375940464693995,1.3901479125
441,20180618-1100,0.8734177215189873,0.5166721518987342,10.585443037974684,0.017980146942789446,0.001948764479533381,1.277138825
442,20180618-1100,0.9324324324324325,0.41879594594594594,11.604729729729728,0.011075658162715817,0.0025323577018785365,0.9486581125
443,20180618-1100,0.9240506329113924,0.40419493670886075,11.458860759493671,0.009766160157249898,0.002821467647628399,0.7583468583333334
444,20180618-1100,0.8983050847457628,0.26274406779661014,13.83050847457627,0.002883942122910581,0.0017915426125628584,0.7142466749999999
445,20180618-1130,0.1125,0.7964919187499999,10.073512499999998,0.03920697450009701,0.0022807466862472614,1.7259796839270833
446,20180618-1130,0.64,0.763252512,11.09496,0.03604668221645216,0.002505747302520203,1.4989001209479167
447,20180618-1130,0.8157894736842105,0.6932207486842107,10.909618421052631,0.03020776644816763,0.0022824262288608332,1.3295081171770833
448,20180618-1130,0.9054054054054054,0.5992799351351351,11.2827972972973,0.024105083351413006,0.0018983133440560551,1.2156917579375002
449,20180618-1130,0.9714285714285714,0.39019733571428566,12.790071428571428,0.010818612067060144,0.0021311159407674356,0.6826837158854167
450,20180618-1130,0.0,0.8040662337662339,10.709415584415584,0.04088150383040563,0.0021933466690021108,1.9498792583333338
451,20180618-1130,0.3,0.78123,9.75,0.038514817291413386,0.0024964415586095673,1.643692345833333
452,20180618-1130,0.6623376623376623,0.724612987012987,10.573051948051948,0.03369260825648289,0.002566394215832254,1.4523650166666666
453,20180618-1130,0.7567567567567568,0.5813229729729729,11.184121621621621,0.022329554824640455,0.0019131817060547437,1.3375513874999998
454,20180618-1130,0.9558823529411765,0.4562338235294117,12.24816176470588,0.014479558624172158,0.0020312271670429615,1.0083955500000001
455,20180618-1130,0.9166666666666666,0.44267916666666657,12.109375,0.013398319112801031,0.002162669436373397,0.8190509
456,20180618-1130,0.9032258064516129,0.2311403225806452,13.487903225806452,0.0033543007896596096,0.0011404845350499022,0.7881263416666667
457,20180618-1200,0.08045977011494253,0.8258206551724138,9.795172413793106,0.04169791229224285,0.0055155171875658025,1.7865782686874998
458,20180618-1200,0.5119047619047619,0.773792657142857,10.551214285714288,0.03644493387619865,0.005492331106116782,1.5586261966145833
459,20180618-1200,0.7804878048780488,0.6820255207317075,10.456500000000002,0.03009930025221669,0.004747897381750536,1.3872941228437499
460,20180618-1200,0.881578947368421,0.6015697815789475,10.884789473684213,0.02429096923301621,0.004547270738995455,1.2768668401770833
461,20180618-1200,1.0,0.4407078521739129,13.244521739130436,0.010878352144633688,0.003371735648003474,0.7376529214270833
462,20180618-1200,1.0,0.374234331147541,14.824819672131149,0.009354642514038254,0.004346458323366241,0.4839076854479166
463,20180618-1200,0.0,0.8035103448275861,9.775862068965518,0.04138144680208463,0.00572348633497614,2.0096586125
464,20180618-1200,0.2375,0.8115637499999998,10.6265625,0.04148708489357215,0.005635007866039982,1.7056615333333331
465,20180618-1200,0.6097560975609756,0.7380256097560977,9.969512195121952,0.03338825902938841,0.005562164788278703,1.506964975
466,20180618-1200,0.6973684210526315,0.5695736842105263,11.023026315789474,0.022709874654761767,0.005199241327490486,1.3963524916666668
467,20180618-1200,0.922077922077922,0.46858831168831167,11.396103896103895,0.014923741316814598,0.006059473544790349,1.0677388833333334
468,20180618-1200,1.0,0.4590685714285714,12.798214285714286,0.013311219682033366,0.004627975263734428,0.8779152541666667
469,20180618-1200,0.9076923076923077,0.2910784615384615,13.95576923076923,0.005102959415628999,0.001692930303991499,0.8238735708333333
470,20180618-1230,0.11494252873563218,0.7957053103448275,9.81244827586207,0.039742132510816326,0.0024071606295436106,1.7836087717916667
471,20180618-1230,0.5581395348837209,0.7396746802325582,9.69338372093023,0.0356251001704993,0.0027794983950617524,1.5583306393229166
472,20180618-1230,0.7857142857142857,0.6301866607142856,9.772428571428568,0.027191660179069835,0.0027692072407125394,1.3898059618958334
473,20180618-1230,0.8588235294117647,0.5628447599999999,9.690423529411765,0.021838673932646123,0.0025842900775449634,1.2899736897708332
474,20180618-1230,0.8928571428571429,0.415332342857143,10.828000000000001,0.00982800297073125,0.0018298218709572036,0.7472122137395834
475,20180618-1230,0.9473684210526315,0.3124491828947369,12.436618421052634,0.005976502742784754,0.0030772354688858726,0.49554985489583336
476,20180618-1230,1.0,0.061888429411764714,42.84917647058823,5.712284890732715e-05,6.518383679545526e-05,0.2581484988125
477,20180618-1230,0.0,0.7955142857142856,9.825892857142856,0.04004291012753149,0.0024314592637117677,2.0105574666666666
478,20180618-1230,0.21428571428571427,0.7920392857142856,10.080357142857142,0.039819283037988075,0.0026270673505881356,1.7066616583333334
479,20180618-1230,0.5909090909090909,0.6870715909090912,9.153409090909092,0.031467725976987396,0.002994790328932898,1.512951370833333
480,20180618-1230,0.6666666666666666,0.5455428571428572,10.34375,0.020520362236595292,0.0027252753904343785,1.4052799083333332
481,20180618-1230,0.925,0.46745625,10.696875,0.013319639982862022,0.002828642684588763,1.0751906958333333
482,20180618-1230,0.9605263157894737,0.4504499999999999,11.225328947368423,0.012035733382941718,0.002256819010430209,0.8862399625
483,20180618-1230,0.8378378378378378,0.24845270270270264,11.974662162162161,0.0031623774606170754,0.0009522838087268023,0.8483492374999999
484,20180618-1230,0.9215686274509803,0.20409411764705881,16.86764705882353,0.0017495405913163778,0.0020764302293241714,0.4050415874999979
485,20180618-1300,0.0967741935483871,0.773517906451613,8.860935483870966,0.045930796075438166,0.005044071865346384,1.7774916952916668
486,20180618-1300,0.5057471264367817,0.7046373206896551,9.84058620689655,0.03768522711456741,0.004987879992536571,1.5510296539791666
487,20180618-1300,0.6976744186046512,0.6217465499999999,9.70629069767442,0.03091026164563876,0.004468771300855844,1.38259539115625
488,20180618-1300,0.8780487804878049,0.5750709365853658,10.88191463414634,0.025238642007876334,0.0037785856685833984,1.2854358134270834
489,20180618-1300,0.9743589743589743,0.41981293846153855,11.475961538461538,0.013528241921943372,0.003805057140307765,0.7366418621145834
490,20180618-1300,0.9545454545454546,0.3853991590909091,14.210272727272727,0.007840475375689248,0.007693922399161877,0.48262814902083334
491,20180618-1300,0.0,0.753965934065934,8.802197802197803,0.04762247019924485,0.005092190778004128,1.9987521958333332
492,20180618-1300,0.23809523809523808,0.7626964285714284,9.915178571428571,0.04360209493243069,0.005346293738284327,1.698898783333333
493,20180618-1300,0.5764705882352941,0.6700164705882352,9.988235294117647,0.03488135233082236,0.004857639704601413,1.4999249124999998
494,20180618-1300,0.675,0.5458837499999999,10.940624999999999,0.023880419254608553,0.0036500631536908333,1.3915884083333332
495,20180618-1300,0.9135802469135802,0.4588111111111112,10.787037037037036,0.013972273424816389,0.00344222222834316,1.0635669666666667
496,20180618-1300,0.9863013698630136,0.4556136986301369,11.979452054794521,0.014971835467527544,0.0039062641647920815,0.8765271083333335
497,20180618-1300,0.9032258064516129,0.30578225806451614,13.596774193548386,0.00575741301067062,0.003462333450899666,0.8376634875
498,20180618-1300,0.8775510204081632,0.22709387755102042,16.997448979591837,0.0022687615636063827,0.003306078541081249,0.4052356916666645
499,20180618-1330,0.2375,0.77704558125,10.771762500000003,0.041119776983700604,0.010523440040020118,1.7064330851979166
500,20180618-1330,0.6419753086419753,0.7138120777777777,10.803185185185185,0.034863011349832544,0.009714854267140277,1.4806157627708332
501,20180618-1330,0.8292682926829268,0.6354917231707319,10.138719512195125,0.028249173572555877,0.007356893064716874,1.3119722356875
502,20180618-1330,0.8481012658227848,0.5548628316455696,10.670924050632912,0.020553084734216336,0.004479615549268188,1.2175585811041667
503,20180618-1330,0.9605263157894737,0.397632055263158,12.105947368421058,0.01103875312023576,0.007728805605364764,0.6658337725625
504,20180618-1330,1.0,0.10498143333333332,86.70833333333333,7.205055849588844e-05,0.0001583972257877028,0.26445292085416666
505,20180618-1330,0.0,0.7980423076923078,10.860576923076923,0.04281282324741334,0.010780878163077648,1.9357773833333332
506,20180618-1330,0.3950617283950617,0.7706333333333334,10.888888888888888,0.03953454163995088,0.010736057977027123,1.6269729708333334
507,20180618-1330,0.691358024691358,0.6816444444444443,10.351851851851851,0.031688014008376744,0.00858089236720629,1.4352254958333333
508,20180618-1330,0.7702702702702703,0.5647378378378377,11.822635135135133,0.01982224974079183,0.003952452437858212,1.3339915333333334
509,20180618-1330,0.9253731343283582,0.4854358208955225,13.276119402985076,0.01262597542426528,0.005635457223395361,0.9913215500000001
510,20180618-1330,0.9027777777777778,0.4670708333333332,12.869791666666666,0.012875478523541374,0.007326754059760635,0.8037752958333333
511,20180618-1330,0.8524590163934426,0.27940819672131156,15.079918032786887,0.004439885805691504,0.005111796563181983,0.7649050916666666
512,20180618-1330,0.8947368421052632,0.2313,22.282894736842106,0.0008628352948380583,0.004217887681704446,0.3752146499999978
